Laboratorio,No. de registro,C. C. T.,Nombre del plantel,Municipio,Localidad,Domicilio,Nivel Educativo,Plantilla escolar,Boquillas regulares,Boquilla para discapacitados,Llave de llenado para botella,Total de salidas,Tipo de bebedero,Fecha de muestreo,Fecha de reporte de análisis,Color verdadero (U PT-Co),Turbiedad (UTN o equivalente),pH (unidades de pH),Conductividad eléctrica (µS/cm),Coliformes fecales (Unidades),Coliformes totales (Unidades),Arsénico,Hierro,Manganeso,Plomo,Floururos,Nitratos,Sulfatos,Dureza total (CaCO3),Sólidos disueltos totales,Equipo de potabilización,Oficio de validación,Fecha de oficio de validación,Validación IMTA,Fecha de muestreo,Fecha de reporte de análisis,Color verdadero (U Pt-Co),Turbiedad (UTN o equivalente),pH (unidades de pH),Conductividad eléctrica (µS/cm),Coliformes fecales (Unidades),Coliformes totales (Unidades),Arsénico,Hierro,Manganeso,Plomo,Floururos,Nitratos,Sulfatos,Dureza total (CaCO3),Sólidos disueltos totales,Oficio de validación,Fecha de oficio de validación,Validación IMTA,Guía de trazabilidad
"Laquimia, S.A. de C.V.",49257,11DPR0659W,José María Morelos,Apaseo el Alto,Congregación De La Cruz,"Calle 16 De Septiembre, C.P. 38500",Primaria,111,1,1,1,3,PI-01,2017-11-10,2017-11-17,2.5,2.5,7.6,187.9,0.0,0.0,0.005,0.05,0.0075,0.0025,0.1,2.01,5.0,13.0,116.0,BASICO-A,RJE.01.03.-442,2018-05-24,Validado,,,,,,,,,,,,,,,,,,,,,GTO-CRG-PI-01-0012-Basico-A-180418-T304-11DPR0659W
"Laquimia, S.A. de C.V.",49589,11DPR2010X,Jose Ma Morelos,Apaseo el Alto,El Espejo,"Calle Sin Nombre, Núm. Ext. 4 Entre Calle  Ninguno Y Calle Anillo De Oro, C.P. 38510",Primaria,134,1,1,1,3,PI-01,2017-11-13,2017-11-22,2.5,2.5,8.2,437.0,0.0,0.0,0.005,0.05,0.0075,0.0025,0.1,2.96,16.79,68.723,272.0,BASICO-A,RJE.01.03.-442,2018-05-24,Validado,,,,,,,,,,,,,,,,,,,,,GTO-CRG-PI-01-0019-Basico-A-180418-T304-11DPR2010X
"Laquimia, S.A. de C.V.",51685,11EPR0107U,Benito Juarez,Dolores Hidalgo Cuna de la Ind,La Venta,"Insurgentes, entre calle: Libertad y Hidalgo, C.P.37800",Primaria,128,1,1,1,3,PI-01,2018-01-30,,2.5,2.5,8.0,701.0,0.0,0.0,0.005,0.05,0.0075,0.0025,0.31,4.79,45.13,96.08,444.0,BASICO-A,RJE.01.03.-099,2018-05-24,Validado,,,,,,,,,,,,,,,,,,,,,
"Laquimia, S.A. de C.V.",49531,11DPR3757R,Niños Heroes De Chapultepec,Apaseo el Alto,San Antonio Calichar,"Calle Privada De Hidalgo, Núm. Ext. 1 C.P. 38512",Primaria,133,1,1,1,3,PI-01,2017-12-02,2017-11-17,2.5,2.5,8.0,672.0,0.0,0.0,0.005,0.05,0.0075,0.0025,0.2,4.69,60.84,200.91,424.0,BASICO-A,RJE.01.03.-003,2018-05-24,Validado,,,,,,,,,,,,,,,,,,,,,
"Laquimia, S.A. de C.V.",49506,11DPR2746E,20 De Noviembre,Apaseo el Alto,San Bartolomé Aguas Calientes,"Calle Guadalupe Victoria, C.P. 38510",Primaria,362,2,1,1,4,PI-02,2017-11-09,2017-11-11,2.5,2.5,7.9,718.0,0.0,0.0,0.005,0.05,0.0075,0.0025,0.1,3.53,82.63,167.44,436.0,BASICO-A,RJE.01.03.-442,2018-05-24,Validado,,,,,,,,,,,,,,,,,,,,,GTO-CRG-PI-02-0011-BASICO-A-120618-T304-11DPR2746E
"Laquimia, S.A. de C.V.",49472,11DPR2110W,Nicolas Bravo,Apaseo el Alto,Apaseo El Alto,"Calle Francisco Eduardo Tres Guerras, Núm. Ext. 201 Entre Calle  Narciso M. Mendoza Y Calle Flores Magon, C.P. 38500",Primaria,574,4,1,1,6,PI-03,2017-11-08,2017-11-15,2.5,2.5,8.1,498.0,0.0,0.0,0.005,0.05,0.0075,0.0025,0.1,3.67,20.21,27.91,291.0,BASICO-A,RJE.01.03.-442,2018-05-24,Validado,,,,,,,,,,,,,,,,,,,,,GTO-CRG-PI-03-0002-Basico-A-180418-T304-11DPR2110W
"Laquimia, S.A. de C.V.",49637,11DPR1681E,Miguel Hidalgo,Apaseo el Alto,San Isidro De Gamboa,"Calle Flores Magon, Entre Calle  Quintana Roo Y Calle Sin Nombre, C.P. 38530",Primaria,130,1,1,1,3,PI-01,2017-11-21,2017-11-22,2.5,2.5,8.2,358.0,0.0,0.0,0.005,0.05,0.0075,0.0025,0.1,2.18,11.86,35.68,208.0,BASICO-A,RJE.01.03.-442,2018-05-24,Validado,,,,,,,,,,,,,,,,,,,,,GTO-CRG-PI-01-0018-Basico-A-180418-T304-11DPR1681E
"Laquimia, S.A. de C.V.",49750,11DJN0521U,Jose Joaquin Fernandez De Liza,Santa Cruz de Juventino Rosas,Juventino Rosas,"Calle J.Asencion Olivarez, Núm. Ext. 101 Entre Calle  Ninguno Y Calle Insurgentes, C.P. 38240",Preescolar,252,1,1,1,3,PE-01,2017-11-16,2017-11-24,2.5,2.5,7.6,536.0,0.0,0.0,0.0057,0.05,0.0075,0.0025,0.94,1.17,16.42,136.73,364.0,INTERMEDIO-B1,RJE.01.03.-454,2018-05-24,Validado,,,,,,,,,,,,,,,,,,,,,
"Laquimia, S.A. de C.V.",52832,11EJN0234Z,Gregorio Torres Quintero,Guanajuato,Guanajuato,"Calle:De Aldana ,Num. Exterior:Sin Dato ,Entre Calle:Republica Mexicana ,Y Calle:De Aldana ,Calle Posterior:Ninguno ,Localidad: Guanajuato ,Municipio: Guanajuato ,Entidad: Guanajuato ,Cp:36040",Preescolar,196,1,1,1,3,PE-01,2018-04-02,,10.0,2.5,6.7,457.0,0.0,13.0,0.005,0.05,0.4597,0.0025,0.1,0.24,72.6,162.58,272.0,,,,En espera,,,,,,,,,,,,,,,,,,,,,
"Laquimia, S.A. de C.V.",50299,11DJN0218J,María Montessori,Celaya,San Antonio Espinoza,"Calle Maria Montessori, Entre Calle  Aldama Y Calle Ferrocarril, C.P. 38100",Preescolar,188,1,1,1,3,PE-01,2017-12-22,2017-12-08,2.5,2.5,7.2,872.0,0.0,0.0,0.005,0.05,0.0075,0.0025,0.1,6.85,53.83,236.68,536.0,BASICO-A,RJE.01.03.-010,2018-05-24,Validado,,,,,,,,,,,,,,,,,,,,,GTO-CRG-PE-01-0047-BASICO-A-130618-T304-11DJN0218J
"Laquimia, S.A. de C.V.",50721,11DJN0279X,Moises Saenz Garza,Celaya,Celaya,"Calle Revolucion, Entre Calle  Priv. Revolucion Y Calle Revolucion, C.P. 38020",Preescolar,188,1,1,1,3,PE-01,2017-12-17,2017-12-15,2.5,2.5,7.5,1018.0,0.0,0.0,0.0316,0.05,0.0583,0.0025,1.06,6.96,18.96,77.03,652.0,INTERMEDIO-B7,RJE.01.03.-003,2018-05-24,Validado,,,,,,,,,,,,,,,,,,,,,
"Laquimia, S.A. de C.V.",50777,11DJN0414L,Jaime Torres Bodet,Celaya,La Laja,"Calle Benito Juarez, Núm. Ext. 134 C.P. 38130",Preescolar,110,1,1,1,3,PE-01,2017-12-22,2017-12-15,2.5,2.5,7.1,1212.0,0.0,0.0,0.005,0.05,0.0075,0.0025,1.25,0.2,41.9,194.59,776.0,INTERMEDIO-B7,RJE.01.03.-010,2018-05-24,Validado,,,,,,,,,,,,,,,,,,,,,
"Laquimia, S.A. de C.V.",50366,11DJN0421V,Rosa Maria Martinez Rios,Celaya,Celaya,"Calle Abedul, Núm. Ext. 100 Entre Calle  Piracanto Y Calle Oyamel, C.P. 38020",Preescolar,147,1,1,1,3,PE-01,2017-12-17,2017-12-09,2.5,2.5,7.2,656.0,0.0,0.0,0.005,0.05,0.0075,0.0025,0.75,4.23,46.89,135.81,380.0,INTERMEDIO-B1,RJE.01.03.-003,2018-05-24,Validado,,,,,,,,,,,,,,,,,,,,,
"Laquimia, S.A. de C.V.",49640,11DES0005R,Dr. José Maria Luis Mora,Comonfort,Comonfort,"Calle Carretera Norte Salida A San Miguel De Allende, Núm. Ext. 7 C.P. 38200",Secundaria,701,6,1,1,8,SC-04,2017-11-14,2017-11-22,2.5,2.5,7.6,647.0,0.0,0.0,0.0075,0.05,0.47,0.0025,0.1,0.48,36.07,158.59,416.0,INTERMEDIO-B5,RJE.01.03.-442,2018-05-24,Validado,,,,,,,,,,,,,,,,,,,,,GTO-CRG-SC-04-0007-INTERMEDIO-B5-120618-T304-11DES0005R
"Laquimia, S.A. de C.V.",49885,11DPR0746R,Leyes De Reforma,Comonfort,Ojo De Agua De García,"Calle San Martin, Núm. Ext. 50 Entre Calle  Hidalgo Y Calle Sin Nombre, C.P. 38200",Primaria,126,1,1,1,3,PI-01,2017-12-02,2017-11-29,2.5,2.5,7.8,609.0,0.0,0.0,0.0114,0.05,0.0075,0.0025,0.56,1.41,13.38,15.65,348.0,INTERMEDIO-B1,RJE.01.03.-495,2018-05-24,Validado,,,,,,,,,,,,,,,,,,,,,GTO-CRG-PI-01-0100-INTERMEDIO-B1-120618-T304-11DPR0746R
"Laquimia, S.A. de C.V.",51622,11DJN0085J,Cuauhtemoc,Salvatierra,Salvatierra,"Francisco I. Madero, Núm. 312, entre calle: José María Morelos y Miguel Hidalgo, C.P.38900",Preescolar,227,1,1,1,3,PE-01,2018-02-02,,2.5,2.5,7.1,893.0,0.0,0.0,0.005,0.05,0.0075,0.0025,0.19,5.92,57.83,163.64,588.0,BASICO-A,RJE.01.03.-099,2018-05-24,Validado,,,,,,,,,,,,,,,,,,,,,
"Laquimia, S.A. de C.V.",49832,11DJN0254O,Federico Froebel,Comonfort,Empalme Escobedo,"Calle Industria, Entre Calle  Reforma Y Calle San Fernando, C.P. 38210",Preescolar,132,1,1,1,3,PE-01,2017-11-21,2017-11-29,2.5,2.5,7.8,1034.0,0.0,0.0,0.005,0.05,0.0075,0.0025,0.3,7.96,37.41,349.57,668.0,BASICO-A,RJE.01.03.-495,2018-05-24,Validado,,,,,,,,,,,,,,,,,,,,,GTO-CRG-PE-01-0022-BASICO-A-120618-T304-11DJN0254O
"Laquimia, S.A. de C.V.",50723,11DJN0246F,Jesus Teran,Celaya,Primera Fracción De Crespo,"Calle Allende No. 5 Segunda Fraccion De Crespo, Entre Las Calles Alvaro, C.P. 38110",Preescolar,153,1,1,1,3,PE-01,2017-12-21,2017-12-15,5.0,2.5,7.6,847.0,0.0,22.0,0.005,0.05,0.0075,0.0025,0.68,3.96,45.99,121.62,560.0,INTERMEDIO-B1,RJE.01.03.-010,2018-05-24,Validado,,,,,,,,,,,,,,,,,,,,,
"Laquimia, S.A. de C.V.",50551,11DJN0280M,Ignacio Ramirez Lopez,Celaya,Celaya,"Calle Apaseo El Alto, Entre Calle  Tarimoro Y Calle Tarandacuao, C.P. 38010",Preescolar,148,1,1,1,3,PE-01,2017-12-22,2017-12-13,2.5,2.5,7.4,646.0,0.0,22.0,0.005,0.0693,0.0075,0.0025,0.19,0.68,31.0,96.97,380.0,BASICO-A,RJE.01.03.-010,2018-05-24,Validado,,,,,,,,,,,,,,,,,,,,,GTO-CRG-PE-01-0018-BASICO-A-120618-T304-11DJN0280M
"Laquimia, S.A. de C.V.",51670,11DJN0252Q,Antonio Caso,San José Iturbide,San José Iturbide,"Aldama, Núm. 57, entre calle: Gomez Farías y Cuauhtémoc, C.P.37980",Preescolar,330,2,1,1,4,PE-02,2018-01-30,,2.5,2.5,7.6,341.0,0.0,0.0,0.0099,0.05,0.0075,0.0025,0.39,0.9,16.06,13.0,204.0,,,,En espera,,,,,,,,,,,,,,,,,,,,,
"Laquimia, S.A. de C.V.",49682,11DJN0514K,Juan Enrique Pestalozzi,Comonfort,Comonfort,"Calle 20 De Noviembre, Núm. Ext. 6 Entre Calle  20 De Noviembre Y Calle Plazuela Juan Antonio, C.P. 38200",Preescolar,130,1,1,1,3,PE-01,2017-11-15,2017-11-23,2.5,2.5,8.3,614.0,0.0,0.0,0.005,0.05,0.0075,0.0025,0.1,6.61,46.68,294.69,392.0,BASICO-A,RJE.01.03.-454,2018-05-24,Validado,,,,,,,,,,,,,,,,,,,,,GTO-CRG-PE-01-0014-BASICO-A-120618-T304-11DJN0514K
"Laquimia, S.A. de C.V.",49681,11DJN0516I,Vicente Suarez,Comonfort,Comonfort,"Calle Fray Juan De Zumarraga, C.P. 38200",Preescolar,201,1,1,1,3,PE-01,2017-11-15,2017-11-23,2.5,2.5,8.4,553.0,0.0,0.0,0.005,0.05,0.0075,0.0025,0.1,4.47,23.04,236.28,368.0,BASICO-A,RJE.01.03.-454,2018-05-24,Validado,,,,,,,,,,,,,,,,,,,,,GTO-CRG-PE-01-0011-BASICO-A-120618-T304-11DJN0516I
"Laquimia, S.A. de C.V.",50142,11DJN0051T,Cuauhtemoc,Celaya,Rincón De Tamayo,"Calle De Abasolo, Núm. Ext. 202 Entre Calle  Leandro Valle Y Calle Jose Maria Morelos,",Preescolar,263,1,1,1,3,PE-01,2017-12-21,2017-11-06,2.5,2.5,7.5,533.0,0.0,13.0,0.005,0.05,0.0075,0.0025,0.1,8.81,12.16,127.83,324.0,BASICO-A,RJE.01.03.-010,2018-05-24,Validado,,,,,,,,,,,,,,,,,,,,,
"Laquimia, S.A. de C.V.",49834,11DPR0979G,Tierra Y Libertad,Comonfort,Neutla,"Calle Benito Juarez, Núm. Ext. 33 Entre Calle  Palmas Y Calle San Martin, C.P. 38220",Primaria,357,2,1,1,4,PI-02,2017-12-02,2017-11-29,2.5,2.5,7.4,676.0,0.0,0.0,0.0065,0.05,0.0075,0.0025,0.27,7.78,28.21,286.96,428.0,BASICO-A,RJE.01.03.-495,2018-05-24,Validado,,,,,,,,,,,,,,,,,,,,,GTO-CRG-PI-02-0012-BASICO-A-120618-T304-11DPR0979G
"Laquimia, S.A. de C.V.",49685,11DES0118U,Mariano Escobedo,Comonfort,Empalme Escobedo,"Municipio Comonfort, Localidad Empalme Escobedo, C.P. 38210",Secundaria,497,4,1,1,6,SC-03,2017-11-15,2017-11-23,2.5,2.5,8.0,521.0,0.0,0.0,0.005,0.05,0.0075,0.0025,0.1,4.06,22.24,217.7,368.0,BASICO-A,RJE.01.03.-454,2018-05-24,Validado,,,,,,,,,,,,,,,,,,,,,GTO-CRG-SC-03-0002-BASICO-A-120618-T304-11DES0118U
"Laquimia, S.A. de C.V.",52786,11DST0060C,Tecnica Num. 42,San Miguel De Allende,San Miguel De Allende,"Calle Principal, entre calle:  Durazno Sur y Francisco José de Landeta, C.P. 37745",Secundaria,834,6,1,1,8,SC-04,2018-04-02,,2.5,2.5,7.7,571.0,0.0,0.0,0.005,0.05,0.0075,0.0025,0.1,6.33,31.16,138.31,404.0,,,,En espera,,,,,,,,,,,,,,,,,,,,,
"Laquimia, S.A. de C.V.",50363,11DJN0165V,Enrique C Rebsamen,Celaya,Tenería Del Santuario,"Calle Lazaro Cardenas, Entre Calle  Benito Juarez Y Calle Ignacio Zaragoza, C.P. 38120",Preescolar,163,1,1,1,3,PE-01,2017-12-20,2017-12-09,2.5,2.5,7.2,921.0,0.0,0.0,0.005,0.05,0.0075,0.0025,0.1,6.77,54.29,271.62,584.0,BASICO-A,RJE.01.03.-010,2018-05-24,Validado,,,,,,,,,,,,,,,,,,,,,GTO-CRG-PE-01-0052-BASICO-A-190618-T304-11DJN0165V
"Laquimia, S.A. de C.V.",49829,11DPR1231A,Revolución,Irapuato,Guadalupe De Rivera,"Municipio Irapuato, Localidad Guadalupe De Rivera, C.P. 36820",Primaria,181,1,1,1,3,PI-01,2017-11-21,2017-11-29,2.5,2.5,7.8,1337.0,0.0,920.0,0.0061,0.05,0.0075,0.0025,0.19,9.81,131.2,434.93,852.0,BASICO-A,RJE.01.03.-495,2018-05-24,Validado,,,,,,,,,,,,,,,,,,,,,GTO-CRG-PI-01-None-BÁSICO-A-280418-T304-11DPR1231A
"Laquimia, S.A. de C.V.",52764,11EPR0160P,Emiliano Zapata,Jaral Del Progreso,Santiago Capitiro,"Obregón, Núm. 102, entre calle: Corregidora y 16 de Septiembre, C.P. 38478",Primaria,240,1,1,1,3,PI-01,2018-04-02,,2.5,2.5,7.8,689.0,0.0,0.0,0.0058,0.05,0.0816,0.0025,0.1,0.91,76.16,138.31,472.0,,,,En espera,,,,,,,,,,,,,,,,,,,,,
"Laquimia, S.A. de C.V.",50286,11DJN2664E,Francisco Eduardo Tresguerras,Celaya,Celaya,"Calle Santa Martha, Núm. Ext. 115 Entre Calle  Santa Martha Y Calle Santa Clara, C.P. 38090",Preescolar,219,1,1,1,3,PE-01,2017-11-29,2017-12-09,2.5,2.5,7.4,661.0,0.0,0.0,0.005,0.05,0.0075,0.0025,0.1,4.34,61.75,66.44,424.0,BASICO-A,RJE.01.03.-003,2018-05-24,Validado,,,,,,,,,,,,,,,,,,,,,
"Laquimia, S.A. de C.V.",50368,11DJN0934U,Pablo Neruda,Celaya,Celaya,"Calle Ciruelo, Entre Calle  Residencial Paraiso Y Calle Primavera, C.P. 38020",Preescolar,135,1,1,1,3,PE-01,2017-12-17,2017-12-09,2.5,2.5,7.3,597.0,0.0,0.0,0.005,0.05,0.0075,0.0025,1.4,1.66,37.58,81.08,344.0,INTERMEDIO-B7,RJE.01.03.-003,2018-05-24,Validado,,,,,,,,,,,,,,,,,,,,,
"Laquimia, S.A. de C.V.",49792,11DPR1622P,Josefa O. De Dominguez,Comonfort,Orduña De Arriba,"Calle Juarez, Núm. Ext. 23 C.P. 38205",Primaria,177,1,1,1,3,PI-01,2017-11-16,2017-11-25,2.5,2.5,7.5,478.0,0.0,0.0,0.005,0.05,0.0075,0.0025,0.1,3.69,13.91,179.48,304.0,BASICO-A,RJE.01.03.-454,2018-05-24,Validado,,,,,,,,,,,,,,,,,,,,,GTO-CRG-PI-01-0128-BASICO-A-130618-T304-11DPR1622P
"Laquimia, S.A. de C.V.",50139,11DJN3370Z,Federico Froebel,Celaya,Celaya,"Calle La Cruz, Núm. Ext. 2 C.P. 38020",Preescolar,118,1,1,1,3,PE-01,2017-11-29,2017-12-06,2.5,2.5,7.6,571.0,0.0,0.0,0.005,0.05,0.0075,0.0025,0.3,1.04,31.85,104.35,352.0,BASICO-A,RJE.01.03.-495,2018-05-24,Validado,,,,,,,,,,,,,,,,,,,,,GTO-CRG-PE-01-0005-BASICO-A-120618-T304-11DJN3370Z
"Laquimia, S.A. de C.V.",50218,11DJN0713J,Cristina E Fritzche,Celaya,Celaya,"Calle Estacionamiento, C.P. 38090",Preescolar,140,1,1,1,3,PE-01,2017-11-28,2017-12-07,2.5,2.5,7.6,542.0,0.0,0.0,0.006,0.05,0.0075,0.0025,0.1,1.93,35.13,67.83,320.0,BASICO-A,RJE.01.03.-495,2018-05-24,Validado,,,,,,,,,,,,,,,,,,,,,GTO-CRG-PE-01-None-BÁSICO-A-280418-T304-11DJN0713J
"Laquimia, S.A. de C.V.",50220,11DPR0031W,La Gran Tenochtitlan,Celaya,San Juan De La Vega,"Calle Matamoros, Entre Calle  Ninguno C.P. 38100",Primaria,254,1,1,1,3,PI-01,2017-12-21,2017-12-07,2.5,2.5,7.2,735.0,0.0,0.0,0.0197,0.05,0.0075,0.0025,0.1,4.1,28.94,151.3,440.0,INTERMEDIO-B7,RJE.01.03.-010,2018-05-24,Validado,,,,,,,,,,,,,,,,,,,,,GTO-CRG-PI-01-0152-INTERMEDIO-B7-130618-T304-11DPR0031W
"Laquimia, S.A. de C.V.",50217,11DJN0625P,Bertha Von Glumer,Celaya,Celaya,"Calle Paseo De La Lluvia, Núm. Ext. 501 C.P. 38070",Preescolar,137,1,1,1,3,PE-01,2017-11-28,2017-12-07,2.5,2.5,7.6,531.0,0.0,0.0,0.0061,0.05,0.0075,0.0025,0.1,2.03,39.02,78.26,320.0,BASICO-A,RJE.01.03.-495,2018-05-24,Validado,,,,,,,,,,,,,,,,,,,,,GTO-CRG-PE-01-None-BÁSICO-A-280418-T304-11DJN0625P
"Laquimia, S.A. de C.V.",51680,11DPR1083I,Benito Juarez,Guanajuato,Zangarro (Zangarro Nuevo),"Tiburcio Álvarez, Núm. 86, entre calle: Antonio Lara y Javier Guiza, C.P.36266",Primaria,203,1,1,1,3,PI-01,2018-02-02,,2.5,2.5,7.9,657.0,0.0,0.0,0.0104,0.05,0.0075,0.0025,0.51,2.46,30.79,54.9,418.0,,,,En espera,,,,,,,,,,,,,,,,,,,,,
"Laquimia, S.A. de C.V.",50550,11DJN4138Z,Profra. Ma. Guadalupe Angelica,Celaya,Celaya,"Calle Arquitectos, Núm. Ext. 300 Entre Calle  Industriales Y Calle Manuel Orozco Y Berra, C.P. 38000",Preescolar,135,1,1,1,3,PE-01,2017-12-21,2017-12-13,2.5,2.5,7.7,679.0,0.0,0.0,0.0051,0.05,0.0075,0.0025,0.38,0.68,31.88,84.85,436.0,BASICO-A,RJE.01.03.-010,2018-05-24,Validado,,,,,,,,,,,,,,,,,,,,,GTO-CRG-PE-01-0036-BASICO-A-120618-T304-11DJN4138Z
"Laquimia, S.A. de C.V.",49639,11DPR1348Z,Ignacio Allende,Comonfort,Comonfort,"Calle Mariano Arista, Núm. Ext. 81 Entre Calle  Nueva Y Calle Ignacio Rayon, C.P. 38200",Primaria,279,1,1,1,3,PI-01,2017-11-14,2017-11-22,2.5,2.5,7.8,687.0,0.0,0.0,0.005,0.05,0.0075,0.0025,0.1,4.66,47.65,243.17,436.0,BASICO-A,RJE.01.03.-442,2018-05-24,Validado,,,,,,,,,,,,,,,,,,,,,GTO-CRG-PI-01-0063-BASICO-A-120618-T304-11DPR1348Z
"Laquimia, S.A. de C.V.",50358,11DPR2666T,Plan De San Luis,Irapuato,Irapuato,"Calle Vicente Guerrero, Entre Calle  Javier Mina Y Calle Jose Maria Morelos, C.P. 36680",Primaria,114,1,1,1,3,PI-01,2017-12-13,2017-12-09,2.5,2.5,7.1,528.0,0.0,13.0,0.0183,0.05,0.0075,0.0025,0.28,2.0,32.67,56.76,312.0,INTERMEDIO-B1,RJE.01.03.-003,2018-05-24,Validado,,,,,,,,,,,,,,,,,,,,,
"Laquimia, S.A. de C.V.",50548,11DPR3379G,Andres Quintana Roo,Irapuato,Irapuato,"Calle Miguel Hidalgo, Entre Calle  Pedro Ascencio Y Calle Mariano Abasolo, C.P. 36540",Primaria,708,6,1,1,8,PI-04,2017-12-14,2017-12-13,2.5,2.5,7.7,853.0,0.0,0.0,0.0145,0.05,0.0075,0.0025,0.6,5.38,58.09,171.72,544.0,INTERMEDIO-B1,RJE.01.03.-003,2018-05-24,Validado,,,,,,,,,,,,,,,,,,,,,
"Laquimia, S.A. de C.V.",50355,11DPR1822N,Benito Juarez,Irapuato,San Antonio De Chico,"Calle Avenida San Antonio De Chico, C.P. 36820",Primaria,198,1,1,1,3,PI-01,2017-12-13,2017-12-09,2.5,2.5,6.8,937.0,0.0,0.0,0.005,0.05,0.0075,0.0025,0.14,9.52,79.27,336.49,600.0,BASICO-A,RJE.01.03.-003,2018-05-24,Validado,,,,,,,,,,,,,,,,,,,,,
"Laquimia, S.A. de C.V.",50134,11EES0024E,Escuela Secundaria,Irapuato,Irapuato,"Calle Campestre Del Valle, Entre Calle  Alfonso Rincon Gallardo Y Calle A. Becerril, C.P. 36611",Secundaria,886,6,1,1,8,SC-04,2017-12-12,2017-12-06,2.5,2.5,7.4,771.0,0.0,0.0,0.005,0.05,0.0075,0.0025,0.1,7.17,64.35,315.65,480.0,BASICO-A,RJE.01.03.-003,2018-05-24,Validado,,,,,,,,,,,,,,,,,,,,,
"Laquimia, S.A. de C.V.",49826,11DES0022H,General Núm. 1,Irapuato,Irapuato,"Calle San Isidro, Núm. Ext. 999 Entre Calle  San Isidro Y Calle San Isidro, C.P. 36580",Secundaria,868,6,1,1,8,SC-04,2017-11-21,2017-11-29,2.5,2.5,7.2,649.0,0.0,0.0,0.005,0.05,0.0075,0.0025,0.27,3.58,34.53,183.41,380.0,BASICO-A,RJE.01.03.-495,2018-05-24,Validado,,,,,,,,,,,,,,,,,,,,,GTO-CRG-SC-04-None-BÁSICO-A-280418-T304-11DES0022H
"Laquimia, S.A. de C.V.",49881,11DPR1581F,Enrique C Rebsamen,Comonfort,Jalpilla,"Calle Constantino Olalde, Núm. Ext. 1 C.P. 38200",Primaria,201,1,1,1,3,PI-01,2017-11-25,2017-11-29,2.5,2.5,7.9,709.0,0.0,0.0,0.005,0.05,0.0075,0.0025,0.1,6.9,43.66,221.74,456.0,BASICO-A,RJE.01.03.-495,2018-05-24,Validado,,,,,,,,,,,,,,,,,,,,,GTO-CRG-PI-01-0131-BASICO-A-130618-T304-11DPR1581F
"Laquimia, S.A. de C.V.",50041,11DJN4118L,Los Derechos De Los Niños,Celaya,Celaya,"Calle Juan De La Barrera, Entre Calle  Revolucion Agraria Y Calle Juan De La Barrera, C.P. 38030",Preescolar,162,1,1,1,3,PE-01,2017-11-25,2017-12-04,2.5,2.5,7.3,554.0,0.0,0.0,0.005,0.05,0.0075,0.0025,0.95,1.12,35.93,62.61,348.0,INTERMEDIO-B1,RJE.01.03.-495,2018-05-24,Validado,,,,,,,,,,,,,,,,,,,,,GTO-CRG-PE-01-None-INTERMEDIO-B1-280418-T304-11DJN4118L
"Laquimia, S.A. de C.V.",50641,11DPR0045Z,Melchor Ocampo,Celaya,Celaya,"Calle Plan De Hospicio, Entre Calle  Plan De Agua Prieta Y Calle Plan De Guadalupe, C.P. 38010",Primaria,279,1,1,1,3,PI-01,2017-12-17,2017-12-13,2.5,2.5,7.6,696.0,0.0,0.0,0.0068,0.05,0.0075,0.0025,0.1,1.83,38.09,149.49,444.0,BASICO-A,RJE.01.03.-003,2018-05-24,Validado,,,,,,,,,,,,,,,,,,,,,GTO-CRG-PI-01-0058-BASICO-A-120618-T304-11DPR0045Z
"Laquimia, S.A. de C.V.",50717,11DPR0837I,Heroico Colegio Militar,Irapuato,Irapuato,"Calle Sin Nombre, Núm. Ext. 16 C.P. 36820",Primaria,662,6,1,1,8,PI-04,2017-12-14,2017-12-15,2.5,2.5,7.7,592.0,0.0,0.0,0.0394,0.05,0.0091,0.0025,0.82,1.21,13.77,46.62,400.0,INTERMEDIO-B6,RJE.01.03.-003,2018-05-24,Validado,,,,,,,,,,,,,,,,,,,,,
"Laquimia, S.A. de C.V.",52765,11DPR0158B,Mariano Matamoros,Salvatierra,El Sabino,"Mariano Matamoros, Núm. 1, entre calle: Escuela Federal, C.P.38911",Primaria,151,1,1,1,3,PI-01,2018-04-02,,2.5,2.5,7.6,1096.0,0.0,0.0,0.0067,0.05,0.0075,0.0025,0.1,9.97,126.98,162.71,724.0,,RJE.01.03.-099,2018-05-24,Validado,,,,,,,,,,,,,,,,,,,,,
"Laquimia, S.A. de C.V.",50353,11ETV0099A,Telesecundaria Núm. 106,Irapuato,Cuarta Brigada,"Calle Sin Nombre, Núm. Ext. 1 Entre Calle  Sin Referencia Y Calle J. Carmen Hernandez, C.P. 36820",Secundaria,260,1,1,1,3,SC-01,2017-12-13,2017-12-09,2.5,2.5,7.2,1168.0,0.0,0.0,0.005,0.05,0.0075,0.0025,0.4,9.51,101.54,405.41,748.0,BASICO-A,RJE.01.03.-003,2018-05-24,Validado,,,,,,,,,,,,,,,,,,,,,
"Laquimia, S.A. de C.V.",51668,11EJN0295N,Marisol,San José Iturbide,San José Iturbide,"Jose Camarillo, entre calle: Del Depósito y Privada del Depósito, C.P.37980",Preescolar,179,1,1,1,3,PE-01,2018-01-30,,2.5,3.7,7.8,312.0,0.0,0.0,0.009,0.05,0.0075,0.0025,0.66,1.34,19.22,13.0,188.0,,,,En espera,,,,,,,,,,,,,,,,,,,,,
"Laquimia, S.A. de C.V.",50633,11DJN0870Z,Alfredo Bernardo Nobel,Irapuato,Irapuato,"Calle Division Del Norte, Núm. Ext. 2670 Entre Calle  Constitucion Mexicana Y Calle Principe Carlos, C.P. 36650",Preescolar,306,2,1,1,4,PE-02,2017-12-14,2017-12-13,2.5,2.5,8.0,588.0,0.0,0.0,0.008,0.05,0.0075,0.0025,0.41,1.99,49.52,167.68,388.0,INTERMEDIO-B1,RJE.01.03.-003,2018-05-24,Validado,,,,,,,,,,,,,,,,,,,,,
"Laquimia, S.A. de C.V.",50634,11DJN0117L,Bertha Von Glumer,Irapuato,Irapuato,"Calle Daniel Bautista, Entre Calle  Agustin Zaragoza Y Calle Jose Pedraza, C.P. 36612",Preescolar,262,1,1,1,3,PE-01,2017-12-14,2017-12-13,2.5,2.5,7.8,625.0,0.0,0.0,0.0095,0.05,0.0075,0.0025,0.26,3.59,56.82,141.41,404.0,INTERMEDIO-B1,RJE.01.03.-003,2018-05-24,Validado,,,,,,,,,,,,,,,,,,,,,
"Laquimia, S.A. de C.V.",50281,11DJN0718E,Moises Saenz Garza,Irapuato,Irapuato,"Calle Mariano Abasolo, Núm. Ext. 2242 Entre Calle  Rafael Abascal Y Calle Mariano Abasolo, C.P. 36550",Preescolar,308,2,1,1,4,PE-02,2017-12-13,2017-12-08,2.5,2.5,7.4,1002.0,0.0,0.0,0.005,0.05,0.0075,0.0027,0.1,8.72,113.8,338.41,640.0,BASICO-A,RJE.01.03.-003,2018-05-24,Validado,,,,,,,,,,,,,,,,,,,,,
"Laquimia, S.A. de C.V.",49680,11DPR0087Y,Diego Rivera,Irapuato,Irapuato,"Calle Mariano Abasolo, Entre Calle  Mariano Abasolo Y Calle Mariano Abasolo, C.P. 36510",Primaria,391,2,1,1,4,PI-02,2017-11-15,2017-11-23,2.5,2.5,7.4,972.0,0.0,0.0,0.005,0.05,0.0075,0.0025,0.1,9.53,89.93,488.5,620.0,BASICO-A,RJE.01.03.-442,2018-05-24,Validado,,,,,,,,,,,,,,,,,,,,,
"Laquimia, S.A. de C.V.",52785,11EPR0562J,Año De Juarez,Romita,El Jaguey,"Cenobio Anguiano, Núm. 42, entre calle: Federico Vallejo, C.P.36200",Primaria,371,2,1,1,4,PI-02,2018-05-03,,2.5,2.5,7.8,308.0,0.0,0.0,0.009,0.05,0.0075,0.0025,0.97,1.25,16.77,244.07,210.0,,,,En espera,,,,,,,,,,,,,,,,,,,,,
"Laquimia, S.A. de C.V.",49828,11ETV0101Z,Telesecundaria Núm. 112,Irapuato,Guadalupe De Rivera,"Calle Revolucion, Núm. Ext. 57 C.P. 36835",Secundaria,256,1,1,1,3,SC-01,2017-11-21,2017-11-29,2.5,2.5,7.5,1016.0,0.0,1.8,0.0144,0.05,0.0075,0.0025,0.57,8.37,109.89,246.29,648.0,INTERMEDIO-B1,RJE.01.03.-495,2018-05-24,Validado,,,,,,,,,,,,,,,,,,,,,GTO-CRG-SC-01-None-INTERMEDIO-B1-280418-T304-11ETV0101Z
"Laquimia, S.A. de C.V.",51623,11DJN0065W,Antonio Quiroz,Salvatierra,San Nicolás De Los Agustinos,"Antonio Madrazo, Núm. 8, entre calle: Pípila y Antonio Madrazo, C.P.38930",Preescolar,248,1,1,1,3,PE-01,2018-02-02,,2.5,2.5,7.2,1155.0,0.0,0.0,0.0085,0.05,0.0075,0.0025,0.3,9.09,106.85,116.88,736.0,,RJE.01.03.-099,2018-05-24,Validado,,,,,,,,,,,,,,,,,,,,,
"Laquimia, S.A. de C.V.",51686,11DPR3047R,Joaquin Baranda,Dolores Hidalgo Cuna de la Ind,Dolores Hidalgo Cuna De La Independencia Nacional,"Álvaro Obregón, Núm. 67, entre calle: Mariano Matamoros, C.P.37800",Primaria,473,4,1,1,6,PI-03,2018-01-30,,2.5,2.5,8.2,397.0,0.0,0.0,0.0082,0.05,0.0075,0.0025,0.58,1.83,6.69,31.37,228.0,,,,En espera,,,,,,,,,,,,,,,,,,,,,
"Laquimia, S.A. de C.V.",50135,11DST0059N,Técnica Núm. 41,Irapuato,Irapuato,"Calle A. Galindez, Núm. Ext. 170 Entre Calle  Martin Diaz Y Calle Alfonso Rincon Gallardo, C.P. 36611",Secundaria,849,6,1,1,8,SC-04,2017-12-12,2017-12-06,2.5,2.5,7.6,774.0,0.0,0.0,0.005,0.05,0.0075,0.0025,0.1,7.28,60.8,349.57,476.0,BASICO-A,RJE.01.03.-003,2018-05-24,Validado,,,,,,,,,,,,,,,,,,,,,
"Laquimia, S.A. de C.V.",50284,11DJN2764D,Leona Vicario,Irapuato,Irapuato,"Calle Azucena, Entre Calle  Santa Marta Y Calle Santa Monica, C.P. 36640",Preescolar,281,1,1,1,3,PE-01,2017-12-13,2017-12-08,2.5,2.5,7.0,615.0,0.0,0.0,0.0064,0.05,0.0075,0.0025,0.1,4.03,60.86,141.18,396.0,BASICO-A,RJE.01.03.-003,2018-05-24,Validado,,,,,,,,,,,,,,,,,,,,,
"Laquimia, S.A. de C.V.",50037,11DES0113Z,Bicentenario De La Independenc,Irapuato,Irapuato,"Calle Sin Nombre, C.P. 36633",Secundaria,587,4,1,1,6,SC-03,2017-11-26,2017-12-04,2.5,2.5,7.6,883.0,0.0,0.0,0.0302,0.05,0.0075,0.0025,0.6,1.12,115.98,26.09,552.0,INTERMEDIO-B6,RJE.01.03.-495,2018-05-24,Validado,,,,,,,,,,,,,,,,,,,,,
"Laquimia, S.A. de C.V.",49945,11DPR0997W,Constituyentes De 1857,Irapuato,Irapuato,"Calle Brisas, Núm. Ext. 423 Entre Calle  Brisas Y Calle Ejercito Nacional, C.P. 36660",Primaria,514,4,1,1,6,PI-03,2017-12-21,2017-11-04,2.5,2.5,7.1,936.0,0.0,0.0,0.005,0.05,0.0075,0.0025,0.1,7.69,101.08,399.13,600.0,BASICO-A,RJE.01.03.-010,2018-05-24,Validado,,,,,,,,,,,,,,,,,,,,,
"Laquimia, S.A. de C.V.",49879,11DPR0537L,Leyes De Reforma,Irapuato,Irapuato,"Calle Teresa Vara, Entre Calle  Jose Maria Olvera Y Calle Camino A La Virgen, C.P. 36580",Primaria,502,4,1,1,6,PI-03,2017-11-26,2017-11-29,2.5,2.5,7.6,568.0,0.0,0.0,0.0254,0.05,0.0075,0.0025,0.88,1.56,47.62,109.57,348.0,INTERMEDIO-B6,RJE.01.03.-495,2018-05-24,Validado,,,,,,,,,,,,,,,,,,,,,
"Laquimia, S.A. de C.V.",49740,11DPR0918T,Adolfo Lopez Mateos,Irapuato,Irapuato,"Calle Monte Parnaso, Entre Calle  Rey Jorge Vi Y Calle Jose Mujica, C.P. 36570",Primaria,452,4,1,1,6,PI-03,2017-11-16,2017-12-24,2.5,2.5,7.1,1056.0,0.0,0.0,0.005,0.05,0.0075,0.0025,1.28,9.25,106.54,398.23,660.0,INTERMEDIO-B6,RJE.01.03.-454,2018-05-24,Validado,,,,,,,,,,,,,,,,,,,,,
"Laquimia, S.A. de C.V.",49739,11ETV0002Z,Telesecundaria Núm. 19,Irapuato,Irapuato,"Calle Jorge Negrete, Entre Calle  J. Alfredo Jimenez Y Calle Jose Mujica, C.P. 36570",Secundaria,402,4,1,1,6,SC-03,2017-11-16,2017-11-24,2.5,2.5,7.0,1331.0,0.0,0.0,0.005,0.05,0.0075,0.0025,0.99,9.7,118.54,493.81,852.0,INTERMEDIO-B1,RJE.01.03.-454,2018-05-24,Validado,,,,,,,,,,,,,,,,,,,,,
"Laquimia, S.A. de C.V.",50547,11DPR1470A,Nicolas Bravo,Irapuato,El Carrizal Grande,"Calle Anselmo Mosqueda, Entre Calle  Bravo Y Calle Aldama, C.P. 36820",Primaria,327,2,1,1,4,PI-02,2017-12-14,2017-12-13,2.5,2.5,7.7,1262.0,0.0,2.0,0.1855,0.05,0.0075,0.0025,0.69,0.35,146.31,13.0,808.0,ROBUSTO-C2,RJE.01.03.-003,2018-05-24,Validado,,,,,,,,,,,,,,,,,,,,,
"Laquimia, S.A. de C.V.",50542,11DPR1127P,Justo Sierra,Irapuato,San Javier,"Calle Sin Nombre, Entre Calle  Ninguno Y Calle Cortazar, C.P. 36500",Primaria,343,2,1,1,4,PI-02,2017-12-22,2017-12-13,2.5,2.5,7.6,606.0,0.0,0.0,0.0081,0.05,0.0075,0.0025,0.23,2.4,49.94,141.41,360.0,INTERMEDIO-B1,RJE.01.03.-010,2018-05-24,Validado,,,,,,,,,,,,,,,,,,,,,
"Laquimia, S.A. de C.V.",49742,11DJN2618T,Francisco Gabilondo Soler,Irapuato,Irapuato,"Calle Toril, Entre Calle  Toril Y Calle Hermanos Licea, C.P. 36557",Preescolar,274,1,1,1,3,PE-01,2017-11-16,2017-11-24,2.5,2.5,6.9,801.0,0.0,0.0,0.005,0.05,0.0075,0.0025,0.96,8.61,71.6,379.65,548.0,INTERMEDIO-B1,RJE.01.03.-454,2018-05-24,Validado,,,,,,,,,,,,,,,,,,,,,
"Laquimia, S.A. de C.V.",49943,11EJN0395M,Lilia Mendiola,Irapuato,Irapuato,"Calle 22 De Abril, Entre Calle  10 De Noviembre Y Calle 3 De Abril, C.P. 36500",Preescolar,275,1,1,1,3,PE-01,2017-12-21,2017-12-04,2.5,2.5,7.5,1056.0,0.0,0.0,0.005,0.05,0.0075,0.0025,0.12,1.44,114.2,360.0,676.0,BASICO-A,RJE.01.03.-010,2018-05-24,Validado,,,,,,,,,,,,,,,,,,,,,
"Laquimia, S.A. de C.V.",50725,11DPR1653I,Josefa O De Dominguez,Celaya,Ex-Hacienda De Trojes,"Calle Calle Francisco I Madero Entre Corregidora Y Benito Juarez, C.P. 38080",Primaria,137,1,1,1,3,PI-01,2017-12-21,2017-12-15,2.5,2.5,7.4,467.0,0.0,0.0,0.005,0.05,0.0075,0.0025,0.56,0.96,6.73,79.05,324.0,BASICO-A,RJE.01.03.-010,2018-05-24,Validado,,,,,,,,,,,,,,,,,,,,,GTO-CRG-PI-01-0133-BASICO-A-130618-T304-11DPR1653I
"Laquimia, S.A. de C.V.",50145,11DPR0914X,Vicente Guerrero,Celaya,Los Galvanes,"Calle Sin Referencia, C.P. 38000",Primaria,132,1,1,1,3,PI-01,2017-12-21,2017-12-06,2.5,2.5,7.2,1393.0,0.0,0.0,0.065,0.05,0.0075,0.0025,1.33,0.2,52.61,120.0,892.0,INTERMEDIO-B7,RJE.01.03.-010,2018-05-24,Validado,,,,,,,,,,,,,,,,,,,,,GTO-CRG-PI-01-0180-INTERMEDIO-B7-130618-T304-11DPR0914X
"Laquimia, S.A. de C.V.",50212,11DPR1559D,J Guadalupe Victoria,Celaya,La Luz,"Calle Miguel Hidalgo, Núm. Ext. 24 Entre Calle  Insurgentes Y Calle Benito Juarez, C.P. 38140",Primaria,229,1,1,1,3,PI-01,2017-12-21,2017-12-07,2.5,2.5,7.3,851.0,0.0,0.0,0.0102,0.05,0.0075,0.0025,0.1,5.33,68.62,187.83,536.0,INTERMEDIO-B1,RJE.01.03.-010,2018-05-24,Validado,,,,,,,,,,,,,,,,,,,,,
"Laquimia, S.A. de C.V.",49741,11DJN0558H,Belisario Dominguez,Irapuato,Irapuato,"Calle Villa Coapa, Núm. Ext. 1380 Entre Calle  Hermanos Licea Y Calle Francisco I. Madero, C.P. 36550",Preescolar,279,1,1,1,3,PE-01,2017-11-16,2017-11-24,2.5,2.5,7.2,707.0,0.0,0.0,0.0065,0.05,0.0075,0.0025,1.37,4.16,59.43,207.08,440.0,INTERMEDIO-B7,RJE.01.03.-454,2018-05-24,Validado,,,,,,,,,,,,,,,,,,,,,
"Laquimia, S.A. de C.V.",50031,11DJN0351Q,Niños Heroes,Irapuato,Irapuato,"Calle Celaya, Entre Calle  Celaya Y Calle Quintana Roo",Preescolar,156,1,1,1,3,PE-01,2017-12-21,2017-12-04,2.5,2.5,7.2,998.0,0.0,0.0,0.005,0.05,0.0075,0.0025,0.28,7.51,102.1,344.35,640.0,BASICO-A,RJE.01.03.-010,2018-05-24,Validado,,,,,,,,,,,,,,,,,,,,,
"Laquimia, S.A. de C.V.",50540,11DJN0357K,Vasco De Quiroga,Irapuato,Cuchicuato,"Calle Pipila, Entre Calle  Ninguno Y Calle Lopez Mateos",Preescolar,179,1,1,1,3,PE-01,2017-12-18,2017-12-13,2.5,2.5,7.8,754.0,0.0,0.0,0.0071,0.05,0.0075,0.0025,0.38,3.78,75.12,161.62,484.0,BASICO-A,RJE.01.03.-010,2018-05-24,Validado,,,,,,,,,,,,,,,,,,,,,
"Laquimia, S.A. de C.V.",49903,11DPR1569K,18 De Marzo,Celaya,San Nicolás Esquiros,"Municipio Celaya, Localidad San Nicolás Esquiros, C.P. 38000",Primaria,134,1,1,1,3,PI-01,2017-12-21,2017-11-29,2.5,2.5,7.4,721.0,0.0,0.0,0.0065,0.05,0.0075,0.0025,0.1,1.32,420.0,232.17,420.0,ROBUSTO-C2,RJE.01.03.-010,2018-05-24,Validado,,,,,,,,,,,,,,,,,,,,,
"Laquimia, S.A. de C.V.",50128,11DPR2665U,Hermanos Flores Magon,Irapuato,Irapuato,"Calle Celaya, Entre Calle  Celaya Y Calle Quintana Roo, C.P. 36512",Primaria,200,1,1,1,3,PI-01,2017-11-28,2017-12-08,2.5,2.5,7.2,993.0,0.0,0.0,0.005,0.05,0.0075,0.0025,0.39,7.14,80.52,302.61,640.0,BASICO-A,RJE.01.03.-495,2018-05-24,Validado,,,,,,,,,,,,,,,,,,,,,GTO-CRG-PI-01-None-BÁSICO-A-280418-T304-11DPR2665U
"Laquimia, S.A. de C.V.",50283,11DJN4341K,Manuel M. Ponce,Irapuato,Irapuato,"Calle Topacio, Entre Calle  Topacio Y Calle Oaxaca, C.P. 36550",Preescolar,176,1,1,1,3,PE-01,2017-12-13,2017-12-08,2.5,2.5,7.0,937.0,0.0,0.0,0.005,0.05,0.0075,0.0025,0.1,8.57,93.86,298.96,600.0,BASICO-A,RJE.01.03.-003,2018-05-24,Validado,,,,,,,,,,,,,,,,,,,,,
"Laquimia, S.A. de C.V.",49679,11EJN0355L,María Montessori,Irapuato,Irapuato,"Calle San Clemente, Entre Calle  San Clemente Y Calle San Justino",Preescolar,165,1,1,1,3,PE-01,2017-11-15,2017-11-23,2.5,2.5,7.6,516.0,0.0,0.0,0.0157,0.05,0.0075,0.0025,0.1,1.74,45.48,122.12,332.0,INTERMEDIO-B1,RJE.01.03.-442,2018-05-24,Validado,,,,,,,,,,,,,,,,,,,,,
"Laquimia, S.A. de C.V.",50208,11DJN4293R,Federico Froebel,Irapuato,Irapuato,"Calle Salvador De Miron, Entre Calle  Salvador De Miron Y Calle Venustiano Carranza",Preescolar,208,1,1,1,3,PE-01,2017-12-13,2017-12-07,2.5,2.5,7.1,876.0,0.0,0.0,0.0302,0.05,0.0075,0.0025,0.59,5.76,65.02,182.61,560.0,INTERMEDIO-B7,RJE.01.03.-003,2018-05-24,Validado,,,,,,,,,,,,,,,,,,,,,
"Laquimia, S.A. de C.V.",50034,11EPR0866C,Las Americas,Irapuato,Irapuato,"Calle Sudamerica, Entre Calle  Caribe Y Calle Darien, C.P. 36624",Primaria,248,1,1,1,3,PI-01,2017-11-26,2017-12-04,2.5,2.5,7.2,925.0,0.0,33.0,0.005,0.05,0.0075,0.0025,0.41,8.27,113.14,453.91,584.0,BASICO-A,RJE.01.03.-495,2018-05-24,Validado,,,,,,,,,,,,,,,,,,,,,GTO-CRG-PI-01-None-BÁSICO-A-280418-T304-11EPR0866C
"Laquimia, S.A. de C.V.",50776,11EJN0423S,Jose Rosas Moreno,Celaya,Celaya,"Calle Pioneros De La Patria, Entre Calle  Sin Referencia Y Calle Avenida Santa Barbara, C.P. 32020",Preescolar,137,1,1,1,3,PE-01,2017-12-22,2017-12-15,2.5,2.5,7.7,536.0,0.0,0.0,0.0053,0.05,0.0075,0.0025,0.16,1.4,26.42,40.54,320.0,BASICO-A,RJE.01.03.-010,2018-05-24,Validado,,,,,,,,,,,,,,,,,,,,,
"Laquimia, S.A. de C.V.",49586,11DPR1193O,José M. Morelos Y Pavon,Irapuato,Colonia Morelos De Guadalupe,Calle Sin Referencia,Primaria,188,1,1,1,3,PI-01,2017-11-13,2017-11-22,2.5,2.5,7.7,621.0,0.0,11.0,0.0219,0.05,0.0075,0.0025,0.8,2.65,61.22,121.59,412.0,INTERMEDIO-B1,RJE.01.03.-442,2018-05-24,Validado,,,,,,,,,,,,,,,,,,,,,
"Laquimia, S.A. de C.V.",50719,11DPR1836Q,Francisco Villa,Celaya,Puerta Del Monte (Elguera),"Calle Benito Juarez, C.P. 38110",Primaria,191,1,1,1,3,PI-01,2017-12-17,2017-12-15,2.5,2.5,7.8,565.0,0.0,0.0,0.0061,0.05,0.0075,0.0025,1.27,2.19,6.7,89.19,392.0,INTERMEDIO-B7,RJE.01.03.-003,2018-05-24,Validado,,,,,,,,,,,,,,,,,,,,,
"Laquimia, S.A. de C.V.",50132,11DPR2181Q,Vasco De Quiroga,Irapuato,Irapuato,"Calle Fray Sebastian De Aparicio, Entre Calle  Ninguno Y Calle 1 Francisco Flores Ornelas, C.P. 36610",Primaria,250,1,1,1,3,PI-01,2017-12-05,2017-12-06,2.5,2.5,7.6,741.0,41.0,1600.0,0.0056,0.05,0.0075,0.0025,0.1,4.02,62.94,297.39,464.0,BASICO-A,RJE.01.03.-495,2018-05-24,Validado,,,,,,,,,,,,,,,,,,,,,GTO-CRG-PI-01-None-BÁSICO-A-280418-T304-11DPR2181Q
"Laquimia, S.A. de C.V.",50296,11DPR1652J,José María Morelos,Celaya,Ejido De Silva (San Isidro),"Calle Jaime Nuno, Núm. Ext. 108 C.P. 38110",Primaria,230,1,1,1,3,PI-01,2017-12-21,2017-12-08,2.5,2.5,7.5,708.0,0.0,0.0,0.0058,0.05,0.0075,0.0025,0.1,1.56,54.11,87.2,452.0,BASICO-A,RJE.01.03.-010,2018-05-24,Validado,,,,,,,,,,,,,,,,,,,,,GTO-CRG-PI-01-0121-BASICO-A-130618-T304-11DPR1652J
"Laquimia, S.A. de C.V.",51689,11DPR1699D,Miguel Hidalgo,Guanajuato,Santa Rosa De Lima,"Entre calle: Camino Real, C.P.36220",Primaria,168,1,1,1,3,PI-01,2018-01-30,,35.0,18.6,8.1,122.0,0.0,0.0,0.005,0.05,0.0075,0.0025,0.1,1.01,5.74,13.0,48.0,,,,En espera,,,,,,,,,,,,,,,,,,,,,
"Laquimia, S.A. de C.V.",50718,11DPR1840C,Niños Heroes,Celaya,San Isidro De Elguera,"Calle Niños Heroes, Núm. Ext. 10 Entre Calle  Ninguno Y Calle Miguel Hidalgo, C.P. 38110",Primaria,171,1,1,1,3,PI-01,2017-12-17,2017-12-15,2.5,2.5,7.9,645.0,0.0,0.0,0.0051,0.05,0.0075,0.0025,0.59,5.25,15.08,99.32,440.0,BASICO-A,RJE.01.03.-003,2018-05-24,Validado,,,,,,,,,,,,,,,,,,,,,
"Laquimia, S.A. de C.V.",50035,11EJN0209A,Convivencia Familiar,Irapuato,Irapuato,"Calle San Antonio, Entre Calle  San Martin Caballero Y Calle San Antonio, C.P. 36690",Preescolar,177,1,1,1,3,PE-01,2017-11-26,2017-12-04,2.5,2.5,7.2,812.0,0.0,0.0,0.005,0.05,0.0075,0.0025,0.17,5.53,84.78,224.35,488.0,BASICO-A,RJE.01.03.-495,2018-05-24,Validado,,,,,,,,,,,,,,,,,,,,,GTO-CRG-PE-01-None-BÁSICO-A-280418-T304-11EJN0209A
"Laquimia, S.A. de C.V.",50638,11DPR1483E,Justo Sierra,Irapuato,Serrano,"Calle 20 De Noviembre, Entre Calle  Francisco I. Madero Y Calle Las Americas, C.P. 36800",Primaria,227,1,1,1,3,PI-01,2017-12-18,2017-12-13,2.5,2.5,7.6,945.0,0.0,0.0,0.0374,0.05,0.0075,0.0025,1.3,1.47,125.5,44.44,616.0,INTERMEDIO-B7,RJE.01.03.-010,2018-05-24,Validado,,,,,,,,,,,,,,,,,,,,,
"Laquimia, S.A. de C.V.",50206,11EJN0339U,Gabriela Mistral,Irapuato,Irapuato,"Calle Javier Mina, Entre Calle  Genaro Vazquez Y Calle Lucio Cabañas",Preescolar,195,1,1,1,3,PE-01,2017-12-12,2017-12-06,2.5,2.5,7.1,998.0,0.0,2.0,0.0054,0.05,0.0075,0.0031,0.1,7.41,95.3,339.13,640.0,BASICO-A,RJE.01.03.-495,2018-05-24,Validado,,,,,,,,,,,,,,,,,,,,,GTO-CRG-PE-01-None-BÁSICO-A-280418-T304-11EJN0339U
"Laquimia, S.A. de C.V.",49947,11DJN0362W,30 De Abril,Irapuato,San Antonio El Rico,"Calle Matamoros, Núm. Ext. 1",Preescolar,171,1,1,1,3,PE-01,2017-11-26,2017-11-04,2.5,2.5,7.8,806.0,0.0,0.0,0.005,0.05,0.0075,0.0025,0.1,4.17,95.99,318.26,476.0,BASICO-A,RJE.01.03.-495,2018-05-24,Validado,,,,,,,,,,,,,,,,,,,,,GTO-CRG-PE-01-None-BÁSICO-A-280418-T304-11DJN0362W
"Laquimia, S.A. de C.V.",51667,11DPR0298B,Miguel Hidalgo,San Luis De La Paz,San Pedro De Los Pozos (Mineral De Pozos),"Calle Sevilla, Entre Calle  Sevilla Y Calle Terragona",Primaria,193,1,1,1,3,PI-01,2018-01-31,,5.0,2.7,7.9,189.3,0.0,0.0,0.005,0.05,0.0075,0.0025,0.47,2.96,8.73,13.0,104.0,BASICO-A,RJE.01.03.-099,2018-05-24,Validado,,,,,,,,,,,,,,,,,,,,,
"Laquimia, S.A. de C.V.",50032,11DJN2768Z,Ignacio Manuel Altamirano,Irapuato,Irapuato,"Calle Rio Nilo, Núm. Ext. 400 Entre Calle  De Guadalupe Y Calle Rio Tiber",Preescolar,206,1,1,1,3,PE-01,2017-12-21,2017-12-04,2.5,2.5,7.2,1027.0,0.0,0.0,0.005,0.05,0.0075,0.0025,0.56,7.59,97.08,360.0,628.0,BASICO-A,RJE.01.03.-010,2018-05-24,Validado,,,,,,,,,,,,,,,,,,,,,
"Laquimia, S.A. de C.V.",50129,11DJN4144J,José Vasconcelos,Irapuato,Irapuato,"Calle Tonala, Entre Calle  Jardines De La Hacienda Y Calle Hermosillo",Preescolar,195,1,1,1,3,PE-01,2017-11-28,2017-12-08,2.5,2.5,7.2,736.0,0.0,0.0,0.0297,0.05,0.0075,0.0025,0.39,3.75,54.5,172.17,412.0,INTERMEDIO-B7,RJE.01.03.-495,2018-05-24,Validado,,,,,,,,,,,,,,,,,,,,,
"Laquimia, S.A. de C.V.",50029,11DJN0257L,Laura Dominguez,Irapuato,Irapuato,"Calle Juan Jose Torres Landa, C.P. 36500",Preescolar,123,1,1,1,3,PE-01,2017-12-21,2017-12-04,2.5,2.5,7.0,1199.0,0.0,0.0,0.005,0.05,0.0075,0.0025,0.39,9.05,127.54,485.22,744.0,BASICO-A,RJE.01.03.-010,2018-05-24,Validado,,,,,,,,,,,,,,,,,,,,,
"Laquimia, S.A. de C.V.",50211,11DPR1844Z,Emeteria Valencia,Celaya,San José El Nuevo,"Calle Miguel Hidalgo, Núm. Ext. 20 Entre Calle  Independencia Y Calle Juarez, C.P. 38140",Primaria,118,1,1,1,3,PI-01,2017-12-21,2017-12-07,2.5,2.5,7.0,636.0,11.0,11.0,0.0129,0.05,0.0075,0.0025,0.1,5.07,23.49,93.91,388.0,INTERMEDIO-B1,RJE.01.03.-010,2018-05-24,Validado,,,,,,,,,,,,,,,,,,,,,
"Laquimia, S.A. de C.V.",49675,11DJN3441C,Martina Portillo,Irapuato,Irapuato,"Calle Sofia Bassi, Núm. Ext. 40 Entre Calle  Martha Chapa Y Calle Rufino Tamayo",Preescolar,202,1,1,1,3,PE-01,2017-11-15,2017-11-23,2.5,2.5,7.3,571.0,0.0,0.0,0.011,0.05,0.0075,0.0025,0.1,2.76,55.23,167.26,364.0,INTERMEDIO-B1,RJE.01.03.-442,2018-05-24,Validado,,,,,,,,,,,,,,,,,,,,,
"Laquimia, S.A. de C.V.",50038,11DPR3237I,José María Morelos Y Pavón,Celaya,Ejido De Silva (San Isidro),"Calle Sin Nombre, Núm. Ext. 152 Entre Calle  Tlaxcala Y Calle Saltillo, C.P. 38030",Primaria,626,6,1,1,8,PI-04,2017-11-25,2017-11-04,2.5,2.5,7.9,849.0,0.0,0.0,0.0115,0.05,0.0075,0.0025,1.1,1.47,73.92,26.09,488.0,INTERMEDIO-B6,RJE.01.03.-495,2018-05-24,Validado,,,,,,,,,,,,,,,,,,,,,
"Laquimia, S.A. de C.V.",50030,11EPR0143Z,Gabriela Chemali Nassar,Irapuato,Irapuato,"Calle Moroleon, Núm. Ext. 582 Entre Calle  Acambaro Y Calle Revolucion, C.P. 35510",Primaria,224,1,1,1,3,PI-01,2017-12-21,2017-12-04,2.5,2.5,7.2,1003.0,0.0,0.0,0.005,0.05,0.0075,0.0025,0.7,7.48,94.0,339.13,616.0,INTERMEDIO-B1,RJE.01.03.-010,2018-05-24,Validado,,,,,,,,,,,,,,,,,,,,,
"Laquimia, S.A. de C.V.",50130,11EJN0223U,Esther Barron Rangel,Irapuato,Irapuato,"Calle 16 De Diciembre, Entre Calle  Lopez Mateos Y Calle Guerrero, C.P. 36660",Preescolar,159,1,1,1,3,PE-01,2017-12-12,2017-12-06,2.5,2.5,7.0,1168.0,0.0,0.0,0.005,0.05,0.0075,0.0025,0.15,9.13,103.78,573.91,748.0,ROBUSTO-C2,RJE.01.03.-003,2018-05-24,Validado,,,,,,,,,,,,,,,,,,,,,
"Laquimia, S.A. de C.V.",50285,11DPR3377I,Guillermo Prieto,Celaya,Celaya,"Calle Santa Martha, Entre Calle  Santa Martha Y Calle Santa Clara, C.P. 38090",Primaria,223,1,1,1,3,PI-01,2017-11-29,2017-12-08,2.5,2.5,7.6,707.0,0.0,0.0,0.005,0.05,0.0075,0.0025,0.1,4.92,65.35,122.49,452.0,BASICO-A,RJE.01.03.-003,2018-05-24,Validado,,,,,,,,,,,,,,,,,,,,,
"Laquimia, S.A. de C.V.",49830,11DJN0041M,Luz Maria Serradell,Irapuato,Irapuato,"Calle Marques De Guadalupe, Entre Calle  El Herradero Y Calle Fiesta Charra, C.P. 36595",Preescolar,239,1,1,1,3,PE-01,2017-11-21,2017-11-29,2.5,2.5,7.4,645.0,0.0,0.0,0.005,0.05,0.0075,0.0025,0.1,4.03,44.51,120.52,376.0,BASICO-A,RJE.01.03.-495,2018-05-24,Validado,,,,,,,,,,,,,,,,,,,,,GTO-CRG-PE-01-None-BÁSICO-A-280418-T304-11DJN0041M
"Laquimia, S.A. de C.V.",50541,11ETV0100Z,Telesecundaria Núm. 118,Irapuato,Cuchicuato,"Calle Independencia, Entre Calle  Ninguno Y Calle Lopez Mateos, C.P. 36800",Secundaria,340,2,1,1,4,SC-02,2017-12-18,2017-12-13,2.5,2.5,7.7,733.0,0.0,0.0,0.0069,0.05,0.0075,0.0025,0.21,3.82,68.67,169.7,432.0,BASICO-A,RJE.01.03.-010,2018-05-24,Validado,,,,,,,,,,,,,,,,,,,,,
"Laquimia, S.A. de C.V.",49880,11DPR3926W,Sor Juana Inés De La Cruz,Irapuato,Irapuato,"Calle Taxco, Entre Calle  Hermosillo Y Calle Jardines De La Hacienda",Primaria,290,1,1,1,3,PI-01,2017-11-26,2017-11-29,2.5,2.5,7.4,739.0,0.0,0.0,0.0411,0.05,0.0075,0.0025,0.75,4.08,62.76,159.13,460.0,INTERMEDIO-B7,RJE.01.03.-495,2018-05-24,Validado,,,,,,,,,,,,,,,,,,,,,
"Laquimia, S.A. de C.V.",50357,11DPR0839G,Emiliano Zapata,Irapuato,Purísima De Temascatío,"Calle Benito Juarez, Entre Calle  Ninguno Y Calle Del Trabajo",Primaria,117,1,1,1,3,PI-01,2017-12-13,2017-12-09,2.5,2.5,7.2,371.0,0.0,0.0,0.005,0.05,0.0075,0.0025,0.82,1.84,22.14,44.59,208.0,INTERMEDIO-B1,RJE.01.03.-003,2018-05-24,Validado,,,,,,,,,,,,,,,,,,,,,
"Laquimia, S.A. de C.V.",49634,11DPR1889V,Aquiles Serdan,Irapuato,La Soledad,"Calle Educacion Num. 2, Núm. Ext. 44 Entre Calle  Los Pinos Y Calle Sin Nombre",Primaria,234,1,1,1,3,PI-01,2017-11-14,2017-11-22,2.5,2.5,7.8,576.0,0.0,0.0,0.0113,0.05,0.0075,0.0025,0.1,2.06,55.82,142.73,388.0,INTERMEDIO-B1,RJE.01.03.-442,2018-05-24,Validado,,,,,,,,,,,,,,,,,,,,,
"Laquimia, S.A. de C.V.",50214,11EPR0742U,Carmen Serdan,Celaya,Celaya,"Calle Cuernavaca, Núm. Ext. 100 Entre Calle  Cuernavaca Y Calle Fresnillo, C.P. 38090",Primaria,243,1,1,1,3,PI-01,2017-12-21,2017-12-07,2.5,2.5,7.6,667.0,0.0,0.0,0.006,0.05,0.0075,0.0025,0.1,3.97,47.14,67.83,416.0,BASICO-A,RJE.01.03.-010,2018-05-24,Validado,,,,,,,,,,,,,,,,,,,,,
"Laquimia, S.A. de C.V.",52602,11EPR0009T,Francisco I. Madero,Acámbaro,Acámbaro,"Francisco I. Madero, Núm. 343, entre calle: Leona Vicario y Doctor Sámano, C.P. 38600",Primaria,594,4,1,1,6,PI-03,2018-03-18,,2.5,2.5,7.2,476.0,0.0,0.0,0.0057,0.0531,0.0075,0.0025,0.1,2.41,23.28,36.61,304.0,BASICO-A,RJE.01.03.-099,2018-05-24,Validado,,,,,,,,,,,,,,,,,,,,,
"Laquimia, S.A. de C.V.",50219,11EPR0056D,Centro Escolar Tresguerras,Celaya,Celaya,"Calle Pedro Nuñez De La Rioja, Núm. Ext. 102 Entre Calle  Alvaro Obregon Y Calle Tres Guerras, C.P. 38000",Primaria,562,4,1,1,6,PI-03,2017-11-29,2017-12-07,2.5,2.5,7.6,658.0,0.0,0.0,0.0062,0.0672,0.0075,0.0025,0.1,4.18,45.01,130.43,396.0,BASICO-A,RJE.01.03.-495,2018-05-24,Validado,,,,,,,,,,,,,,,,,,,,,GTO-CRG-PI-03-None-BÁSICO-A-280418-T304-11EPR0056D
"Laquimia, S.A. de C.V.",51621,11EES0155X,Nuevo Milenio,Salvatierra,San Felipe De Jesús,"A 100 metros del Río, Localidad: San Felipe de Jesús, C.P.38900",Secundaria,221,1,1,1,3,SC-01,2018-02-02,,2.5,2.5,7.0,697.0,0.0,0.0,0.005,0.0719,0.0075,0.0025,0.37,3.36,39.49,132.47,440.0,BASICO-A,RJE.01.03.-099,2018-05-24,Validado,,,,,,,,,,,,,,,,,,,,,
"Laquimia, S.A. de C.V.",50639,11DPR0570T,Melchor Ocampo,Irapuato,Nueva Colonia Copalillo (El At,,Primaria,126,1,1,1,3,PI-01,2017-12-18,2017-12-13,2.5,2.5,7.0,1434.0,0.0,2.0,0.005,0.05,0.0075,0.0025,0.1,8.03,254.78,540.4,880.0,ROBUSTO-C2,RJE.01.03.-010,2018-05-24,Validado,,,,,,,,,,,,,,,,,,,,,
"Laquimia, S.A. de C.V.",50824,11DPR1233Z,Venustiano Carranza,Irapuato,Guadalupe De Paso Blanco,"Calle Guerrero, Entre Calle  Ninguno Y Calle Venustiano Carranza",Primaria,196,1,1,1,3,PI-01,2017-12-14,2017-12-18,2.5,2.5,7.7,1287.0,0.0,0.0,0.0356,0.05,0.0075,0.0025,0.48,1.07,128.95,129.73,824.0,INTERMEDIO-B7,RJE.01.03.-003,2018-05-24,Validado,,,,,,,,,,,,,,,,,,,,,
"Laquimia, S.A. de C.V.",50207,11DPR1151P,Benito Juarez,Irapuato,El Carmen,"Calle Hidalgo, Entre Calle  Del Rosal Y Calle Pipila",Primaria,398,2,1,1,4,PI-02,2017-12-12,2017-12-07,2.5,2.5,7.1,792.0,36.0,81.0,0.0051,0.05,0.0075,0.0025,0.1,6.45,58.6,313.04,508.0,BASICO-A,RJE.01.03.-495,2018-05-24,Validado,,,,,,,,,,,,,,,,,,,,,GTO-CRG-PI-02-None-BÁSICO-A-280418-T304-11DPR1151P
"Laquimia, S.A. de C.V.",51121,11EPR0804Q,General Vicente Guerrero,Celaya,La Trinidad (El Rifle),"Calle Hidalgo, Núm. Ext. 8 C.P. 38120",Primaria,190,1,1,1,3,PI-01,2017-12-21,2018-01-10,2.5,2.5,8.3,1255.0,2.0,540.0,0.0164,0.05,0.0075,0.0025,0.46,5.47,53.2,82.62,736.0,INTERMEDIO-B1,RJE.01.03.-045,2018-05-24,Validado,,,,,,,,,,,,,,,,,,,,,
"Laquimia, S.A. de C.V.",50297,11EJN0183J,Juan Jacobo Rousseu,Celaya,Roque (Ita),"Calle Division Del Norte, Entre Calle  Hermanos Aldama Y Calle Leandro Valle, C.P. 38010",Preescolar,172,1,1,1,3,PE-01,2017-12-21,2017-12-08,2.5,2.5,7.4,629.0,0.0,0.0,0.005,0.05,0.0075,0.0025,0.1,2.27,43.71,137.02,404.0,BASICO-A,RJE.01.03.-010,2018-05-24,Validado,,,,,,,,,,,,,,,,,,,,,
"Laquimia, S.A. de C.V.",50360,11EJN0267R,Jaime Torres Bodet,Celaya,Celaya,"Calle Vainilla, Núm. Ext. 100 Entre Calle  Mispero Y Calle Arrayanes, C.P. 38080",Preescolar,207,1,1,1,3,PE-01,2017-11-30,2017-12-09,2.5,2.5,7.9,553.0,0.0,0.0,0.005,0.05,0.0075,0.0025,0.75,1.74,36.29,81.08,352.0,INTERMEDIO-B1,RJE.01.03.-003,2018-05-24,Validado,,,,,,,,,,,,,,,,,,,,,
"Laquimia, S.A. de C.V.",49827,11DPR1494K,Miguel Hidalgo,Irapuato,Munguía,,Primaria,127,1,1,1,3,PI-01,2017-11-21,2017-11-20,2.5,2.5,7.8,751.0,0.0,4.5,0.045,0.05,0.0075,0.0025,0.85,1.29,65.31,13.0,436.0,INTERMEDIO-B7,RJE.01.03.-495,2018-05-24,Validado,,,,,,,,,,,,,,,,,,,,,
"Laquimia, S.A. de C.V.",49948,11DPR0415A,Gral. Lázaro Cárdenas Del Río,Irapuato,Aldama,"Calle Lazaro Cardenas, Entre Calle  Berriozabal",Primaria,160,1,1,1,3,PI-01,2017-11-26,2017-12-04,2.5,2.5,7.6,964.0,0.0,0.0,0.0395,0.05,0.0075,0.0025,1.36,4.79,127.12,75.65,608.0,INTERMEDIO-B7,RJE.01.03.-495,2018-05-24,Validado,,,,,,,,,,,,,,,,,,,,,
"Laquimia, S.A. de C.V.",51624,11EES0037I,25 De Julio De 1540,Santiago Maravatío,Santiago Maravatío,"25 de Julio de 1540, Núm. 8, entre calle: Ignacio Zaragoza y Juventino Rosas, C.P.38970",Secundaria,313,2,1,1,4,SC-02,2018-02-12,,5.0,2.5,7.6,564.0,0.0,0.0,0.0204,0.05,0.0075,0.0025,0.28,1.82,32.79,13.0,332.0,,,,En espera,,,,,,,,,,,,,,,,,,,,,
"Laquimia, S.A. de C.V.",50141,11EPR0825C,Vicente Guerrero,Celaya,Juan Martín,"Calle Benito Juarez, Núm. Ext. 56 Entre Calle  Benito Juarez Y Calle Arroyo San Lorenzo, C.P. 38145",Primaria,190,1,1,1,3,PI-01,2017-12-21,2017-12-06,2.5,2.5,7.6,267.0,0.0,2.0,0.0064,0.05,0.0075,0.0025,0.25,1.2,5.0,13.0,156.0,BASICO-A,RJE.01.03.-010,2018-05-24,Validado,,,,,,,,,,,,,,,,,,,,,
"Laquimia, S.A. de C.V.",50033,11EJN0019J,Las Americas,Irapuato,Irapuato,"Calle Sudamerica, Entre Calle  Caribe Y Calle Darien, C.P. 36624",Preescolar,122,1,1,1,3,PE-01,2017-11-26,2017-12-04,2.5,2.5,7.4,961.0,0.0,17.0,0.005,0.05,0.0075,0.0025,0.24,8.39,121.5,412.17,616.0,BASICO-A,RJE.01.03.-495,2018-05-24,Validado,,,,,,,,,,,,,,,,,,,,,GTO-CRG-PE-01-None-BÁSICO-A-280418-T304-11EJN0019J
"Laquimia, S.A. de C.V.",50640,11EJN0203G,Juan De La Barrera,Celaya,Celaya,"Calle Quetzal, Núm. Ext. 302 Entre Calle  Las Aguilas Y Calle Los Zenzontles, C.P. 38040",Preescolar,156,1,1,1,3,PE-01,2017-12-17,2017-12-13,2.5,2.5,7.6,638.0,0.0,0.0,0.0067,0.05,0.0075,0.0025,0.51,2.27,38.92,84.85,408.0,BASICO-A,RJE.01.03.-003,2018-05-24,Validado,,,,,,,,,,,,,,,,,,,,,GTO-CRG-PE-01-0069-BASICO-A-130618-T304-11EJN0203G
"Laquimia, S.A. de C.V.",49744,11DPR1148B,Revolución,Irapuato,Irapuato,"Calle De Los Chinacos, Núm. Ext. 1254 Entre Calle  Luis Chavez Orozco Y Calle De Los Chinacos",Primaria,623,6,1,1,8,PI-04,2017-11-16,2017-11-24,2.5,2.5,6.9,838.0,0.0,0.0,0.005,0.05,0.0075,0.0025,0.97,9.22,78.43,376.99,572.0,INTERMEDIO-B1,RJE.01.03.-454,2018-05-24,Validado,,,,,,,,,,,,,,,,,,,,,
"Laquimia, S.A. de C.V.",50636,11DJN0300J,Benito Juarez,Irapuato,El Carmen,"Calle Pipila, Entre Calle  Granaditas Y Calle Hidalgo, C.P. 36820",Preescolar,114,1,1,1,3,PE-01,2017-12-14,2017-12-13,2.5,2.5,7.1,795.0,2.0,2.0,0.005,0.05,0.0075,0.0025,0.1,6.29,64.0,232.32,532.0,BASICO-A,RJE.01.03.-003,2018-05-24,Validado,,,,,,,,,,,,,,,,,,,,,
"Laquimia, S.A. de C.V.",50280,11DJN0354N,Angela Peralta,Irapuato,La Calera,"Calle Emiliano Zapata, Entre Calle  Juarez Y Calle Salamanca, C.P. 36810",Preescolar,193,1,1,1,3,PE-01,2017-12-13,2017-12-08,2.5,2.5,8.0,883.0,0.0,0.0,0.0255,0.05,0.0075,0.0025,0.39,1.45,88.54,24.91,560.0,INTERMEDIO-B1,RJE.01.03.-003,2018-05-24,Validado,,,,,,,,,,,,,,,,,,,,,
"Laquimia, S.A. de C.V.",50295,11DPR2079C,Profr. Moises Hernandez Nvrt,Celaya,Celaya,"Calle Sierra Grande, Entre Calle  Francisco Juarez Y Calle Aconcagua, C.P. 38060",Primaria,456,4,1,1,6,PI-03,2017-11-29,2017-12-08,2.5,2.5,7.4,642.0,0.0,0.0,0.005,0.05,0.0075,0.0029,0.1,4.18,62.98,112.11,412.0,BASICO-A,RJE.01.03.-003,2018-05-24,Validado,,,,,,,,,,,,,,,,,,,,,
"Laquimia, S.A. de C.V.",49790,11DJN0056O,Estefania Castañeda,Irapuato,Irapuato,"Calle Sop, Núm. Ext. 1071 Entre Calle  Sedena Y Calle Conasupo",Preescolar,125,1,1,1,3,PE-01,2017-11-17,2017-11-25,2.5,2.5,7.0,912.0,0.0,0.0,0.005,0.05,0.0075,0.0025,0.1,5.51,53.92,282.97,584.0,BASICO-A,RJE.01.03.-454,2018-05-24,Validado,,,,,,,,,,,,,,,,,,,,,
"Laquimia, S.A. de C.V.",50637,11DJN0556J,Sor Juana Inés De La Cruz,Irapuato,Hacienda De Márquez,"Calle Vicente Guerrero, Entre Calle  Primavera Y Calle Avenida Del Trabajo, C.P. 36820",Preescolar,121,1,1,1,3,PE-01,2017-12-18,2017-12-13,2.5,2.5,7.9,1008.0,14.0,14.0,0.0435,0.05,0.0075,0.0025,1.15,0.47,144.59,13.0,676.0,INTERMEDIO-B7,RJE.01.03.-010,2018-05-24,Validado,,,,,,,,,,,,,,,,,,,,,
"Laquimia, S.A. de C.V.",49674,11DPR0735L,Emiliano Zapata,Irapuato,San José De Bernalejo (El Guay,Calle Guerrero,Primaria,205,1,1,1,3,PI-01,2017-11-15,2017-11-22,2.5,2.5,7.1,989.0,0.0,0.0,0.005,0.05,0.0075,0.0025,0.1,9.5,97.07,483.19,632.0,BASICO-A,RJE.01.03.-442,2018-05-24,Validado,,,,,,,,,,,,,,,,,,,,,
"Laquimia, S.A. de C.V.",50356,11DPR1890K,Niños Heroes,Irapuato,La Trinidad De Temascatío,"Calle Sin Nombre, Entre Calle  Madero Y Calle Revolucion, C.P. 36820",Primaria,185,1,1,1,3,PI-01,2017-12-13,2017-12-09,2.5,2.5,7.1,629.0,0.0,0.0,0.0166,0.05,0.0075,0.0025,1.03,3.33,44.17,54.73,400.0,INTERMEDIO-B7,RJE.01.03.-003,2018-05-24,Validado,,,,,,,,,,,,,,,,,,,,,
"Laquimia, S.A. de C.V.",50036,11DPR3927V,Octavio Paz,Irapuato,Irapuato,"Calle Brisa De La Pradera, Entre Calle  Nuez De Gola Y Calle Nogalia",Primaria,362,2,1,1,4,PI-02,2017-11-26,2017-12-04,2.5,2.5,7.7,792.0,2.0,1600.0,0.005,0.05,0.0075,0.0025,0.61,5.48,86.78,240.0,476.0,INTERMEDIO-B1,RJE.01.03.-495,2018-05-24,Validado,,,,,,,,,,,,,,,,,,,,,GTO-CRG-PI-02-None-INTERMEDIO-B1-280418-T304-11DPR3927V
"Laquimia, S.A. de C.V.",49883,11DJN3374V,Diego Rivera,Santa Cruz de Juventino Rosas,Juventino Rosas,"Calle Ubano, Núm. Ext. 203 Entre Calle  Camino Antiguo A Celaya Y Calle Caoba, C.P. 38240",Preescolar,272,1,1,1,3,PE-01,2017-11-27,2017-11-29,2.5,2.5,7.5,674.0,0.0,0.0,0.0221,0.05,0.0075,0.0025,1.28,9.13,38.05,169.57,436.0,INTERMEDIO-B7,RJE.01.03.-495,2018-05-24,Validado,,,,,,,,,,,,,,,,,,,,,
"Laquimia, S.A. de C.V.",49884,11DPR0122N,Benemerito De Las Americas,Santa Cruz de Juventino Rosas,Romero,"Calle San Antonio, Núm. Ext. 200 C.P. 38240",Primaria,143,1,1,1,3,PI-01,2017-11-27,2017-11-29,2.5,2.5,7.9,527.0,0.0,17.0,0.0145,0.05,0.0075,0.0025,1.4,1.45,35.21,13.0,312.0,INTERMEDIO-B7,RJE.01.03.-495,2018-05-24,Validado,,,,,,,,,,,,,,,,,,,,,
"Laquimia, S.A. de C.V.",50044,11DPR0316A,Melchor Ocampo,Santa Cruz de Juventino Rosas,Rincón De Centeno,"Calle Insurgentes, Entre Calle  Colosio Y Calle Insurgentes, C.P. 38240",Primaria,353,2,1,1,4,PI-02,2017-12-21,2017-12-04,2.5,2.5,7.5,846.0,34.0,540.0,0.005,0.05,0.0105,0.0025,0.55,0.2,129.81,443.48,496.0,BASICO-A,RJE.01.03.-010,2018-05-24,Validado,,,,,,,,,,,,,,,,,,,,,
"Laquimia, S.A. de C.V.",50365,11DPR1186E,Jaime Nuno,Celaya,Celaya,"Calle Las Fuentes, Entre Calle  Albino Garcia Y Calle Los Aztecas, C.P. 38040",Primaria,490,4,1,1,6,PI-03,2017-12-17,2017-12-09,2.5,2.5,7.2,617.0,0.0,0.0,0.005,0.05,0.0075,0.0025,0.11,5.07,44.67,93.24,384.0,BASICO-A,RJE.01.03.-003,2018-05-24,Validado,,,,,,,,,,,,,,,,,,,,,
"Laquimia, S.A. de C.V.",49584,11EPR0155D,Miguel Hidalgo,Irapuato,Rivera De Guadalupe,"Calle Independencia, Entre Calle  Aldama Y Calle Primavera",Primaria,145,1,1,1,3,PI-01,2017-11-13,2017-11-22,2.5,2.5,7.7,639.0,0.0,11.0,0.0205,0.05,0.0075,0.0025,0.15,2.95,57.36,116.3,404.0,INTERMEDIO-B1,RJE.01.03.-442,2018-05-24,Validado,,,,,,,,,,,,,,,,,,,,,
"Laquimia, S.A. de C.V.",51688,11DPR3692Y,Calmecac,Dolores Hidalgo Cuna de la Ind,Dolores Hidalgo Cuna De La Independencia Nacional,"Miguel Hidalgo, entre calle: Lirios y Amapola, C.P.37800",Primaria,117,1,1,1,3,PI-01,2018-01-30,,2.5,2.5,7.7,374.0,0.0,0.0,0.0062,0.1566,0.0075,0.0025,0.16,1.21,13.33,23.53,248.0,BASICO-A,RJE.01.03.-099,2018-05-24,Validado,,,,,,,,,,,,,,,,,,,,,
"Laquimia, S.A. de C.V.",49950,11DJN0541H,Ignacio Allende,Santa Cruz de Juventino Rosas,Santiago De Cuenda,"Calle Ignacio Allende, Núm. Ext. 103 Entre Calle  Miguel Hidalgo Sur C.P. 38240",Preescolar,183,1,1,1,3,PE-01,2017-12-21,2017-12-04,2.5,2.5,7.7,531.0,0.0,0.0,0.0082,0.05,0.0075,0.0025,0.66,2.51,32.02,67.83,340.0,INTERMEDIO-B1,RJE.01.03.-010,2018-05-24,Validado,,,,,,,,,,,,,,,,,,,,,
"Laquimia, S.A. de C.V.",49633,11DPR1891J,A B C,Irapuato,El Venado De Yóstiro,Calle Laguna,Primaria,152,1,1,1,3,PI-01,2017-11-14,2017-11-22,2.5,2.5,7.6,495.0,0.0,0.0,0.0062,0.05,0.0075,0.0025,0.1,4.38,35.48,89.87,324.0,BASICO-A,RJE.01.03.-442,2018-05-24,Validado,,,,,,,,,,,,,,,,,,,,,
"Laquimia, S.A. de C.V.",49946,11ETV0106U,Telesecundaria Núm. 110,Irapuato,San Antonio El Rico,Calle Matamoros,Secundaria,294,1,1,1,3,SC-01,2017-11-26,2017-12-04,2.5,2.5,7.9,812.0,0.0,0.0,0.005,0.05,0.0075,0.0025,0.1,4.17,91.38,302.61,516.0,BASICO-A,RJE.01.03.-495,2018-05-24,Validado,,,,,,,,,,,,,,,,,,,,,GTO-CRG-SC-01-None-BÁSICO-A-280418-T304-11ETV0106U
"Laquimia, S.A. de C.V.",49953,11DJN4271F,Francisco Javier Mina,Santa Cruz de Juventino Rosas,Juventino Rosas,"Calle Gardenia, Núm. Ext. 114 Entre Calle  Ninguno Y Calle Belisario Dominguez, C.P. 38240",Preescolar,244,1,1,1,3,PE-01,2017-11-27,2017-12-04,2.5,2.5,7.4,912.0,0.0,0.0,0.0104,0.05,0.0075,0.0025,0.62,9.5,48.98,240.0,544.0,INTERMEDIO-B1,RJE.01.03.-495,2018-05-24,Validado,,,,,,,,,,,,,,,,,,,,,GTO-CRG-PE-01-None-INTERMEDIO-B1-280418-T304-11DJN4271F
"Laquimia, S.A. de C.V.",50045,11DPR0318Z,Nicolas Bravo,Santa Cruz de Juventino Rosas,San José De Las Pilas,"Calle Sin Nombre, Núm. Ext. 202 Entre Calle  Juventino Rosas C.P. 38240",Primaria,128,1,1,1,3,PI-01,2017-12-21,2017-12-04,2.5,2.5,7.4,621.0,0.0,0.0,0.005,0.05,0.0075,0.0025,0.59,1.25,10.01,247.83,356.0,BASICO-A,RJE.01.03.-010,2018-05-24,Validado,,,,,,,,,,,,,,,,,,,,,
"Laquimia, S.A. de C.V.",50822,11DPR0568E,Obreros De Barroteran,Celaya,Estrada,"Calle Morelos, Entre Calle  Sin Referencia Y Calle Morelos, C.P. 38110",Primaria,199,1,1,1,3,PI-01,2017-12-21,2017-12-18,2.5,2.5,8.1,691.0,0.0,0.0,0.0092,0.0779,0.0075,0.0025,0.1,2.53,55.51,85.14,444.0,INTERMEDIO-B1,RJE.01.03.-010,2018-05-24,Validado,,,,,,,,,,,,,,,,,,,,,
"Laquimia, S.A. de C.V.",51666,11DPR1094O,Francisco I. Madero,San Luis De La Paz,Maravillal,"Lerdo de Tejada, C.P.37900",Primaria,168,1,1,1,3,PI-01,2018-01-31,,5.0,2.5,8.0,629.0,0.0,7.8,0.058,0.05,0.0075,0.0025,2.22,0.68,47.9,17.65,400.0,,RJE.01.03.-099,2018-05-24,Validado,,,,,,,,,,,,,,,,,,,,,
"Laquimia, S.A. de C.V.",50292,11EPR0048V,Emeteria Valencia,Celaya,Celaya,"Calle Manuel Doblado, Núm. Ext. 329 Entre Calle  Leandro Valle Y Calle Cuauhtemoc, C.P. 38040",Primaria,211,1,1,1,3,PI-01,2017-11-29,2017-12-08,2.5,2.5,7.3,654.0,0.0,0.0,0.005,0.05,0.0075,0.0025,0.13,5.41,58.28,118.34,420.0,BASICO-A,RJE.01.03.-003,2018-05-24,Validado,,,,,,,,,,,,,,,,,,,,,
"Laquimia, S.A. de C.V.",50043,11DJN2428B,Gregorio Torres Quintero,Santa Cruz de Juventino Rosas,Pozos,"Calle Allende, Núm. Ext. 7 C.P. 38240",Preescolar,150,1,1,1,3,PE-01,2017-12-21,2017-12-04,2.5,2.5,7.7,579.0,0.0,0.0,0.0162,0.05,0.0075,0.0025,1.39,1.51,39.77,67.83,328.0,INTERMEDIO-B7,RJE.01.03.-010,2018-05-24,Validado,,,,,,,,,,,,,,,,,,,,,
"Laquimia, S.A. de C.V.",51669,11DPR1390P,Josefa Ortiz De Dominguez,San José Iturbide,San José Iturbide,"Juarez, Núm. 69, entre calle: Manuel Benitez y Manuel Rodriguez, C.P.37980",Primaria,454,4,1,1,6,PI-03,2018-01-30,,2.5,2.5,7.7,315.0,0.0,0.0,0.0091,0.05,0.0075,0.0025,0.69,1.31,18.81,13.0,184.0,,,,En espera,,,,,,,,,,,,,,,,,,,,,
"Laquimia, S.A. de C.V.",49587,11DPR2897K,Amado Nervo,Irapuato,Tomelópez,"Calle Allende, Núm. Ext. 40",Primaria,163,1,1,1,3,PI-01,2017-11-13,2017-11-22,2.5,2.5,7.3,1297.0,0.0,0.0,0.005,0.05,0.0075,0.0025,0.1,9.74,93.23,594.71,828.0,ROBUSTO-C2,RJE.01.03.-442,2018-05-24,Validado,,,,,,,,,,,,,,,,,,,,,
"Laquimia, S.A. de C.V.",50298,11DPR0699X,Leona Vicario,Celaya,Plancarte,"Calle Republica Del Salvador, Núm. Ext. 2 Entre Calle  Centroamerica Y Calle Guadalupe, C.P. 38120",Primaria,317,2,1,1,4,PI-02,2017-12-22,2017-12-08,2.5,2.5,7.2,667.0,0.0,0.0,0.005,0.05,0.0075,0.0025,0.1,4.53,67.72,166.09,428.0,BASICO-A,RJE.01.03.-010,2018-05-24,Validado,,,,,,,,,,,,,,,,,,,,,GTO-CRG-PI-02-0029-BASICO-A-130618-T304-11DPR0699X
"Laquimia, S.A. de C.V.",50143,11DPR0093I,Maestro Rafael Ramirez,Celaya,Santa María Del Refugio,"Calle Libertad, Núm. Ext. 18 Entre Calle  Celaya A Salvatierra Y Calle Paulino Leon, C.P. 38140",Primaria,201,1,1,1,3,PI-01,2017-12-22,2017-12-06,2.5,2.5,7.6,604.0,7.8,13.0,0.0107,0.05,0.0075,0.0025,0.28,4.83,56.49,120.0,384.0,INTERMEDIO-B1,RJE.01.03.-010,2018-05-24,Validado,,,,,,,,,,,,,,,,,,,,,
"Laquimia, S.A. de C.V.",52831,11DJN0042L,Enrique C. Rebsamen,Guanajuato,Santa Teresa,"Calle:Malecon ,Num. Exterior:Sin Dato ,Entre Calle:Ninguno ,Y Calle:Ninguno ,Calle Posterior:Ninguno ,Localidad: Santa Teresa ,Municipio: Guanajuato ,Entidad: Guanajuato ,Cp:36260",Preescolar,186,1,1,1,3,PE-01,2018-04-02,,10.0,4.0,7.1,363.0,0.0,0.0,0.0102,0.1872,0.0115,0.0025,0.1,0.77,21.8,13.0,244.0,,,,En espera,,,,,,,,,,,,,,,,,,,,,
"Laquimia, S.A. de C.V.",49751,11DPR0313D,Benito Juarez,Santa Cruz de Juventino Rosas,El Murciélago,"Calle Pino Suarez, Núm. Ext. 225 Entre Calle  Aldama Y Calle Benito Juarez, C.P. 38240",Primaria,117,1,1,1,3,PI-01,2017-12-21,2017-11-24,2.5,2.5,7.9,756.0,0.0,0.0,0.005,0.05,0.0075,0.0025,1.81,3.44,7.52,272.49,496.0,INTERMEDIO-B7,RJE.01.03.-010,2018-05-24,Validado,,,,,,,,,,,,,,,,,,,,,
"Laquimia, S.A. de C.V.",49944,11EPR0789O,Ma. Esther Rodriguez Flores,Irapuato,Irapuato,"Calle 22 De Abril, Entre Calle  10 De Noviembre Y Calle 3 De Abril, C.P. 36510",Primaria,450,4,1,1,6,PI-03,2017-12-21,2017-12-04,2.5,2.5,7.2,1049.0,0.0,0.0,0.005,0.05,0.0075,0.0025,0.4,7.88,113.06,357.39,672.0,BASICO-A,RJE.01.03.-010,2018-05-24,Validado,,,,,,,,,,,,,,,,,,,,,
"Laquimia, S.A. de C.V.",51664,11DJN0817E,Venustiano Carranza,San Luis De La Paz,San Luis De La Paz,"Guanajuato, Núm. 306, entre calle: Benito Juarez y Pedro Moreno, C.P.37900",Preescolar,290,1,1,1,3,PE-01,2018-01-31,,5.0,2.5,7.9,257.0,0.0,0.0,0.005,0.05,0.0075,0.0025,0.4,0.38,12.31,13.0,166.0,BASICO-A,RJE.01.03.-099,2018-05-24,Validado,,,,,,,,,,,,,,,,,,,,,
"Laquimia, S.A. de C.V.",49635,11DPR1419D,Lic. Benito Juarez,Irapuato,Providencia De Pérez,"Calle Jacaranda, Entre Calle  Doctores Y Calle Girasol",Primaria,148,1,1,1,3,PI-01,2017-11-14,2017-11-22,2.5,2.5,7.7,542.0,0.0,0.0,0.0132,0.05,0.0075,0.0025,0.1,2.98,61.32,137.44,348.0,INTERMEDIO-B1,RJE.01.03.-442,2018-05-24,Validado,,,,,,,,,,,,,,,,,,,,,
"Laquimia, S.A. de C.V.",50720,11EJN1233H,Maria Teresa Pomar Aguilar,Celaya,Celaya,"Calle Alerce, Entre Calle  Paseo Del Bosque Y Calle Drago, C.P. 38028",Preescolar,137,1,1,1,3,PE-01,2017-12-17,2017-12-15,2.5,2.5,7.7,552.0,0.0,0.0,0.005,0.05,0.0075,0.0025,1.22,0.91,7.12,68.92,380.0,INTERMEDIO-B7,RJE.01.03.-003,2018-05-24,Validado,,,,,,,,,,,,,,,,,,,,,
"Laquimia, S.A. de C.V.",51625,11DPR3745M,Luis Donaldo Colosio Murrieta,Uriangato,Uriangato,"Vasco de Quiroga, Núm. 93, entre calle: Juan Pablo II y Fray Pedro de Gante, C.P.38985",Primaria,207,1,1,1,3,PI-01,2018-02-12,,2.5,2.5,8.1,507.0,0.0,0.0,0.0086,0.05,0.0102,0.0025,1.2,0.2,22.82,13.0,324.0,,,,En espera,,,,,,,,,,,,,,,,,,,,,
"Laquimia, S.A. de C.V.",50823,11DPR1516F,Salvador Diaz Miron,Irapuato,San Agustín De Los Tordos,"Calle Avenida Adolfo Lopez Mateos, Núm. Ext. 2",Primaria,191,1,1,1,3,PI-01,2017-12-14,2017-12-18,2.5,2.5,7.3,3680.0,0.0,0.0,0.3559,0.3516,0.0271,0.0025,1.27,0.2,298.68,109.46,2356.0,ROBUSTO-C2,RJE.01.03.-003,2018-05-24,Validado,,,,,,,,,,,,,,,,,,,,,
"Laquimia, S.A. de C.V.",49831,11EJN1197T,José Vasconcelos Calderón,Irapuato,Irapuato,"Calle Narciso, Entre Calle  Jazmin Y Calle Narciso",Preescolar,198,1,1,1,3,PE-01,2017-11-21,2017-11-29,2.5,2.5,7.7,562.0,0.0,0.0,0.014,0.05,0.0075,0.0025,0.4,1.63,42.84,31.44,324.0,INTERMEDIO-B1,RJE.01.03.-495,2018-05-24,Validado,,,,,,,,,,,,,,,,,,,,,GTO-CRG-PE-01-None-INTERMEDIO-B1-280418-T304-11EJN1197T
"Laquimia, S.A. de C.V.",50635,11EJN0312N,Leona Vicario,Irapuato,Irapuato,"Calle Cascada De Las Flores, Entre Calle  Cascada De Plata Y Calle Cascada De Azucenas",Preescolar,120,1,1,1,3,PE-01,2017-12-14,2017-12-13,2.5,2.5,7.7,629.0,0.0,2.0,0.0204,0.05,0.0075,0.0025,0.96,1.38,62.15,74.75,408.0,INTERMEDIO-B7,RJE.01.03.-003,2018-05-24,Validado,,,,,,,,,,,,,,,,,,,,,
"Laquimia, S.A. de C.V.",50210,11DJN4296O,L.S. Vigotsky,Irapuato,Irapuato,"Calle Hacienda De La Gavia, Entre Calle  De Las Haciendas Y Calle Hacienda De Guadalupe",Preescolar,125,1,1,1,3,PE-01,2017-12-13,2017-12-07,2.5,2.5,7.0,801.0,0.0,0.0,0.0088,0.05,0.0075,0.0025,0.16,5.57,79.93,258.26,496.0,INTERMEDIO-B1,RJE.01.03.-003,2018-05-24,Validado,,,,,,,,,,,,,,,,,,,,,
"Laquimia, S.A. de C.V.",49677,11DJN4143K,Niños Heroes,Irapuato,Irapuato,"Calle Manantiales, Núm. Ext. 264 Entre Calle  Helechos Y Calle Trigales",Preescolar,137,1,1,1,3,PE-01,2017-11-15,2017-12-23,2.5,2.5,7.7,499.0,0.0,0.0,0.0191,0.05,0.0075,0.0025,0.1,1.13,53.56,122.12,340.0,INTERMEDIO-B1,RJE.01.03.-442,2018-05-24,Validado,,,,,,,,,,,,,,,,,,,,,
"Laquimia, S.A. de C.V.",49788,11EJN0204F,Pierre Faure,Irapuato,Irapuato,"Calle San Juan De Retana, Entre Calle  Monte Parnaso Y Calle Antillas, C.P. 37800",Preescolar,268,1,1,1,3,PE-01,2017-11-21,2017-11-17,2.5,2.5,7.5,563.0,0.0,0.0,0.0169,0.05,0.0075,0.0025,0.28,1.88,41.52,99.56,340.0,INTERMEDIO-B1,RJE.01.03.-454,2018-05-24,Validado,,,,,,,,,,,,,,,,,,,,,
"Laquimia, S.A. de C.V.",49585,11DPR1780E,Gral. Lázaro Cárdenas,Irapuato,San Luis Del Jánamo (El Morado,"Calle Lazaro Cardenas, Entre Calle  16 De Septiembre Y Calle Sin Nombre",Primaria,167,1,1,1,3,PI-01,2017-11-13,2017-11-22,2.5,2.5,7.8,603.0,0.0,7.8,0.0245,0.05,0.0075,0.0025,0.69,1.21,52.49,105.73,384.0,INTERMEDIO-B1,RJE.01.03.-442,2018-05-24,Validado,,,,,,,,,,,,,,,,,,,,,
"Laquimia, S.A. de C.V.",49942,11DJN0955G,Tomas Alva Edison,Irapuato,Irapuato,"Calle Manuel Avila Camacho, Entre Calle  Josefa Ortiz De Dominguez Y Calle Margarita Maza, C.P. 36540",Preescolar,280,1,1,1,3,PE-01,2017-12-21,2017-12-04,2.5,2.5,7.7,685.0,0.0,0.0,0.0499,0.05,0.0075,0.0025,1.08,2.43,59.44,75.65,400.0,INTERMEDIO-B7,RJE.01.03.-010,2018-05-24,Validado,,,,,,,,,,,,,,,,,,,,,
"Laquimia, S.A. de C.V.",50209,11EPR0124K,Naciones Unidas,Irapuato,Irapuato,"Calle 16 De Diciembre, Entre Calle  Lopez Mateos Y Calle Guerrero, C.P. 36660",Primaria,411,4,1,1,6,PI-03,2017-12-13,2017-12-07,2.5,2.5,7.1,946.0,0.0,0.0,0.0093,0.05,0.0075,0.0025,0.32,8.76,99.15,404.35,604.0,INTERMEDIO-B1,RJE.01.03.-003,2018-05-24,Validado,,,,,,,,,,,,,,,,,,,,,
"Laquimia, S.A. de C.V.",50543,11DPR1398H,Francisco I. Madero,Irapuato,Rancho Grande,"Calle Francisco I. Madero, Entre Calle  Felipe Angeles Y Calle Sin Nombre, C.P. 36820",Primaria,292,1,1,1,3,PI-01,2017-12-13,2017-12-13,2.5,2.5,7.0,809.0,0.0,0.0,0.005,0.05,0.0075,0.0025,0.1,8.65,67.18,282.83,488.0,BASICO-A,RJE.01.03.-003,2018-05-24,Validado,,,,,,,,,,,,,,,,,,,,,
"Laquimia, S.A. de C.V.",50825,11DPR1513I,Miguel Hidalgo,Irapuato,La Caja,"Calle De Los Insurgentes, Entre Calle  Ninguno Y Calle Lazaro Cardenas, C.P. 36800",Primaria,209,1,1,1,3,PI-01,2017-12-14,2017-12-18,2.5,2.5,7.6,854.0,0.0,0.0,0.0124,0.0522,0.0075,0.0025,1.37,2.66,86.63,85.14,548.0,INTERMEDIO-B7,RJE.01.03.-003,2018-05-24,Validado,,,,,,,,,,,,,,,,,,,,,
"Laquimia, S.A. de C.V.",49941,11DPR3259U,Francisco J Mugica,Irapuato,Irapuato,"Calle Simon Bolivar, Entre Calle  Antiguo Camino A Las Animas Y Calle Francisco J. Mugica, C.P. 36540",Primaria,246,1,1,1,3,PI-01,2017-12-21,2017-12-04,2.5,2.5,7.6,673.0,0.0,0.0,0.0549,0.05,0.0075,0.0025,1.1,2.43,51.14,46.96,400.0,INTERMEDIO-B7,RJE.01.03.-010,2018-05-24,Validado,,,,,,,,,,,,,,,,,,,,,
"Laquimia, S.A. de C.V.",50133,11DJN2850Z,Irapuato,Irapuato,Irapuato,"Calle Sevilla, Entre Calle  Sevilla Y Calle Terragona, C.P. 36620",Preescolar,191,1,1,1,3,PE-01,2017-12-12,2017-12-06,2.5,2.5,7.6,671.0,0.0,0.0,0.0142,0.05,0.0075,0.0025,0.89,3.14,56.57,151.3,416.0,INTERMEDIO-B1,RJE.01.03.-003,2018-05-24,Validado,,,,,,,,,,,,,,,,,,,,,
"Laquimia, S.A. de C.V.",49636,11EPR0816V,Cuna De La Independencia,Irapuato,Irapuato,"Calle Geranio, Núm. Ext. 370 Entre Calle  Geranio Y Calle Rosal, C.P. 36820",Primaria,643,6,1,1,8,PI-04,2017-11-14,2017-11-22,2.5,2.5,7.2,1350.0,0.0,0.0,0.005,0.05,0.0075,0.0025,0.1,9.97,114.1,568.28,892.0,ROBUSTO-C1,RJE.01.03.-442,2018-05-24,Validado,,,,,,,,,,,,,,,,,,,,,
"Laquimia, S.A. de C.V.",50282,11DJN4047H,Libertad,Irapuato,Irapuato,"Calle Saltillo, Núm. Ext. 210 Entre Calle  Rafael Abascal Y Calle San Miguelito, C.P. 36557",Preescolar,170,1,1,1,3,PE-01,2017-12-13,2017-12-08,2.5,2.5,7.1,1018.0,0.0,0.0,0.005,0.05,0.0075,0.0025,0.1,8.71,92.76,332.18,652.0,BASICO-A,RJE.01.03.-003,2018-05-24,Validado,,,,,,,,,,,,,,,,,,,,,
"Laquimia, S.A. de C.V.",50354,11DJN0099M,José Mariano Michelena,Irapuato,Cuarta Brigada,"Calle Sin Nombre, Núm. Ext. 18 Entre Calle  Sin Referencia Y Calle J. Carmen Hernandez",Preescolar,172,1,1,1,3,PE-01,2017-12-13,2017-12-09,2.5,2.5,7.0,1067.0,0.0,0.0,0.005,0.05,0.0075,0.0025,0.41,9.45,82.72,379.05,684.0,BASICO-A,RJE.01.03.-003,2018-05-24,Validado,,,,,,,,,,,,,,,,,,,,,
"Laquimia, S.A. de C.V.",50544,11DJN0364U,Gabriela Mistral,Irapuato,Valencianita,"Calle Simon Bolivar, Entre Calle  Benito Juarez Y Calle Sin Nombre",Preescolar,155,1,1,1,3,PE-01,2017-12-14,2017-12-13,2.5,2.5,7.9,1286.0,4.0,79.0,0.1541,0.05,0.0075,0.0025,0.89,0.3,152.28,13.0,824.0,ROBUSTO-C2,RJE.01.03.-003,2018-05-24,Validado,,,,,,,,,,,,,,,,,,,,,
"Laquimia, S.A. de C.V.",49676,11DPR3850X,DE EDUCACION PRIMARIA,Irapuato,Irapuato,"Calle Pasionarias, Entre Calle  Casahuates Y Calle Miguel Hidalgo",Primaria,251,1,1,1,3,PI-01,2017-11-15,2017-11-23,2.5,2.5,7.6,536.0,0.0,0.0,0.0188,0.05,0.0075,0.0025,0.1,1.14,52.61,95.58,340.0,INTERMEDIO-B1,RJE.01.03.-442,2018-05-24,Validado,,,,,,,,,,,,,,,,,,,,,
"Laquimia, S.A. de C.V.",49743,11EJN0374Z,Roberto Owen,Irapuato,Irapuato,"Calle Gardenia, Núm. Ext. 1180 Entre Calle  San Juan De Retana Y Calle Malinalco",Preescolar,201,1,1,1,3,PE-01,2017-11-16,2017-11-24,2.5,2.5,7.1,778.0,0.0,0.0,0.0086,0.05,0.0075,0.0025,1.29,1.78,78.77,260.18,512.0,INTERMEDIO-B7,RJE.01.03.-454,2018-05-24,Validado,,,,,,,,,,,,,,,,,,,,,
"Laquimia, S.A. de C.V.",49878,11DJN4306E,El Descubrimiento De America,Irapuato,Irapuato,"Calle Ejercito Libertador Del Sur, Entre Calle  Monseñor Oscar Arnulfo Romero Y Calle 5 De Diciembre",Preescolar,130,1,1,1,3,PE-01,2017-11-26,2017-11-29,2.5,2.5,7.6,566.0,0.0,0.0,0.0272,0.05,0.0075,0.0025,0.57,1.82,40.3,88.7,352.0,INTERMEDIO-B7,RJE.01.03.-495,2018-05-24,Validado,,,,,,,,,,,,,,,,,,,,,
"Laquimia, S.A. de C.V.",49789,11DJN4340L,Insurgentes,Irapuato,Irapuato,"Calle Cubilete, Núm. Ext. 497 Entre Calle  Marfil Y Calle Esperanza",Preescolar,187,1,1,1,3,PE-01,2017-11-21,2017-11-25,2.5,2.5,7.2,861.0,0.0,0.0,0.005,0.05,0.0075,0.0025,0.19,5.33,52.46,322.27,528.0,BASICO-A,RJE.01.03.-454,2018-05-24,Validado,,,,,,,,,,,,,,,,,,,,,
"Laquimia, S.A. de C.V.",49583,11DPR1487A,José María Morelos,Irapuato,Purísima De Covarrubias,"Calle Benito Juarez, Entre Calle  Ninguno C.P. 36820",Primaria,177,1,1,1,3,PI-01,2017-11-13,2017-11-22,2.5,0.2,7.9,661.0,0.0,6.8,0.0107,0.05,0.0075,0.0025,0.51,2.14,61.32,190.31,428.0,INTERMEDIO-B1,RJE.01.03.-442,2018-05-24,Validado,,,,,,,,,,,,,,,,,,,,,
"Laquimia, S.A. de C.V.",50724,11DPR1977P,Emiliano Zapata,Celaya,El Sauz (El Sauz De Villaseñor,"Calle Miguel Hidalgo, Núm. Ext. 3 Entre Calle  Ignacio Allende Y Calle Emiliano Zapata, C.P. 38150",Primaria,175,1,1,1,3,PI-01,2017-12-22,2017-12-15,2.5,2.5,7.7,624.0,0.0,0.0,0.005,0.05,0.0075,0.0025,0.67,3.38,48.7,87.162,400.0,INTERMEDIO-B1,RJE.01.03.-045,2018-05-24,Validado,,,,,,,,,,,,,,,,,,,,,
"Laquimia, S.A. de C.V.",50367,11DJN0510O,Esperanza Franco Estrada,Celaya,Celaya,"Calle Real Del Palmar, Núm. Ext. 118 Entre Calle  Real De 14 Y Calle Camino Real, C.P. 38020",Preescolar,258,1,1,1,3,PE-01,2017-12-17,2017-12-09,2.5,2.5,7.3,639.0,0.0,0.0,0.005,0.05,0.0075,0.0025,0.64,2.32,36.37,133.78,404.0,BASICO-A,RJE.01.03.-003,2018-05-24,Validado,,,,,,,,,,,,,,,,,,,,,
"Laquimia, S.A. de C.V.",50040,11DJN2846N,Diego Rivera,Celaya,Celaya,"Calle Mariano Reyes, Entre Calle  Mariano Reyes Y Calle Jose Maria Alfaro Sur, C.P. 38030",Preescolar,199,1,1,1,3,PE-01,2017-11-25,2017-12-04,2.5,2.5,7.5,869.0,0.0,0.0,0.0382,0.6045,0.0582,0.0025,0.5,1.31,55.9,104.35,564.0,INTERMEDIO-B7,RJE.01.03.-495,2018-05-24,Validado,,,,,,,,,,,,,,,,,,,,,GTO-CRG-PE-01-None-INTERMEDIO-B7-300418-T304-11DJN2846N
"Laquimia, S.A. de C.V.",49530,11DPR0905P,Miguel Hidalgo,Apaseo el Alto,Mandujano Atepehuacán,"Calle 5 De Mayo, Entre Calle  16 De Septiembre Y Calle 5 De Mayo, C.P. 38500",Primaria,166,1,1,1,3,PI-01,2017-11-10,2017-11-17,2.5,2.5,7.9,463.0,0.0,0.0,0.005,0.05,0.0075,0.0025,0.1,3.55,13.83,54.3,288.0,BASICO-A,RJE.01.03.-442,2018-05-24,Validado,,,,,,,,,,,,,,,,,,,,,GTO-CRG-PI-01-0017-Basico-A-180418-T304-11DPR0905P
"Laquimia, S.A. de C.V.",50778,11DPR1411L,Insurgentes,Dolores Hidalgo Cuna de la Ind,Dolores Hidalgo Cuna De La Ind,"Calle Sur, Núm. Ext. 1 Entre Calle  Sur Y Calle Mariano Matamoros, C.P. 37800",Primaria,500,4,1,1,6,PI-03,2017-12-17,2017-12-15,2.5,2.5,7.3,349.0,0.0,0.0,0.0053,0.05,0.0075,0.0025,0.1,2.14,6.04,24.32,224.0,BASICO-A,RJE.01.03.-003,2018-05-24,Validado,,,,,,,,,,,,,,,,,,,,,
"Laquimia, S.A. de C.V.",52604,11DJN0053R,Jaime Torres Bodet,Uriangato,Uriangato,"Calle:Merida ,Num. Exterior:11 ,Entre Calle:Jalisco ,Y Calle:Morelia ,Calle Posterior:Ninguno ,Localidad: Uriangato ,Municipio: Uriangato ,Entidad: Guanajuato ,Cp:38980",Preescolar,132,1,1,1,3,PE-01,2018-05-03,,2.5,2.5,8.6,465.0,4.0,32.0,0.0086,0.05,0.0075,0.0025,0.1,0.76,32.99,13.0,304.0,,,,En espera,,,,,,,,,,,,,,,,,,,,,
"Laquimia, S.A. de C.V.",50546,11DPR1400F,Felipe Carrillo Puerto,Irapuato,Peñuelas,Domicilio: Peñuelas Entre Calle: No Aplica Y Calle: No Aplica C.P. 36820,Primaria,200,1,1,1,3,PI-01,2017-12-14,2017-12-13,2.5,2.5,8.0,863.0,7.8,430.0,0.0633,0.05,0.0075,0.0025,1.3,1.44,66.42,13.0,552.0,INTERMEDIO-B7,RJE.01.03.-003,2018-05-24,Validado,,,,,,,,,,,,,,,,,,,,,
"Laquimia, S.A. de C.V.",53954,11DPR3924Y,Bicentenario Juan Huerta M.,San Luis De La Paz,San Luis de la Paz,"Calle:Rio Victoria ,Num. Exterior:202 ,Entre Calle:Rio Carbonera ,Y Calle:Yucatan ,Calle Posterior:Ninguno ,Localidad: San Luis De La Paz ,Municipio: San Luis De La Paz ,Entidad: Guanajuato ,Cp:37900",Primaria,178,1,1,1,3,PI-01,2018-05-14,,5.0,2.5,7.9,187.9,0.0,21.0,0.005,0.05,0.0075,0.0025,0.1,0.2,6.6,13.0,204.0,,,,En espera,,,,,,,,,,,,,,,,,,,,,
"Laquimia, S.A. de C.V.",52788,11DJN0260Z,Diego Rivera,Guanajuato,Guanajuato,"Calle:A Pueblito De Rocha ,Num. Exterior:57 ,Entre Calle:Subida Al Cbtis ,Y Calle:Cerro Trozado ,Calle Posterior:Ninguno ,Localidad: Guanajuato ,Municipio: Guanajuato ,Entidad: Guanajuato ,Cp:36040",Preescolar,182,1,1,1,3,PE-01,2018-04-02,,10.0,2.5,7.8,431.0,0.0,0.0,0.005,0.05,0.3514,0.0025,0.1,0.33,66.05,81.36,304.0,,,,En espera,,,,,,,,,,,,,,,,,,,,,
"Laquimia, S.A. de C.V.",50287,11DJN0853J,Carmen Perez Venegas,Celaya,Celaya,"Calle Ejido San Felipe, Núm. Ext. 103 Entre Calle  Paseo De San Felipe Y Calle Ejido De San Nicolas De Parra, C.P. 38090",Preescolar,168,1,1,1,3,PE-01,2017-11-29,2017-12-08,2.5,2.5,7.9,538.0,0.0,0.0,0.005,0.05,0.0075,0.0025,0.1,1.93,45.56,78.89,308.0,BASICO-A,RJE.01.03.-003,2018-05-24,Validado,,,,,,,,,,,,,,,,,,,,,
"Laquimia, S.A. de C.V.",49473,11DPR2235D,Emiliano Zapata,Apaseo el Alto,Apaseo El Alto,"Calle Jose Del Valle, Entre Calle  Enrique Fernandez Martinez Y Calle Miguel Aleman, C.P. 38500",Primaria,395,2,1,1,4,PI-02,2017-11-08,2017-11-15,2.5,2.5,7.9,575.0,0.0,0.0,0.005,0.05,0.0075,0.0064,0.1,6.9,41.77,83.72,315.0,BASICO-A,RJE.01.03.-442,2018-05-24,Validado,,,,,,,,,,,,,,,,,,,,,GTO-CRG-PI-02-0003-BASICO-A-120618-T304-11DPR2235D
"Laquimia, S.A. de C.V.",50364,11DJN3600A,Octavio Paz Lozano,Celaya,San Miguel Octopan,"Calle Venustiano Carranza, Núm. Ext. 321 C.P. 38130",Preescolar,210,1,1,1,3,PE-01,2017-12-21,2017-12-09,2.5,2.5,7.2,1089.0,0.0,0.0,0.0288,0.05,0.0075,0.0025,1.3,8.13,93.77,176.35,704.0,INTERMEDIO-B7,RJE.01.03.-010,2018-05-24,Validado,,,,,,,,,,,,,,,,,,,,,GTO-CRG-PE-01-0104-INTERMEDIO-B7-130618-T304-11DJN3600A
"Laquimia, S.A. de C.V.",50222,11DPR0964E,General Emiliano Zapata,Celaya,San Juan De La Vega,"Calle Constituyentes, Entre Calle  Emiliano Zapata Y Calle Primero De Mayo, C.P. 38300",Primaria,204,1,1,1,3,PI-01,2017-12-21,2017-12-07,2.5,2.5,7.4,716.0,0.0,0.0,0.0435,0.05,0.0075,0.0025,0.1,4.06,28.56,125.22,460.0,INTERMEDIO-B7,RJE.01.03.-010,2018-05-24,Validado,,,,,,,,,,,,,,,,,,,,,GTO-CRG-PI-01-0206-INTERMEDIO-B7-130618-T304-11DPR0964E
"Laquimia, S.A. de C.V.",50138,11DPR0697Z,Revolución,Celaya,Celaya,"Calle Ana V. Bara, Núm. Ext. 301 Entre Calle  Maria Dominga Y Calle Maria Vicenta Elizarraras, C.P. 38080",Primaria,442,4,1,1,6,PI-03,2017-11-29,2017-12-06,2.5,2.5,7.6,565.0,0.0,0.0,0.005,0.05,0.0075,0.0025,0.17,1.91,35.68,88.7,336.0,BASICO-A,RJE.01.03.-495,2018-05-24,Validado,,,,,,,,,,,,,,,,,,,,,GTO-CRG-PI-03-None-BÁSICO-A-280418-T304-11DPR0697Z
"Laquimia, S.A. de C.V.",50290,11DPR0050K,Jose Vasconcelos,Celaya,Primera Fracción De Crespo,"Calle Avenida Miguel Hidalgo, Núm. Ext. 8 Entre Calle  Benito Juarez Y Calle Allende, C.P. 38110",Primaria,188,1,1,1,3,PI-01,2017-11-29,2017-12-08,2.5,2.5,7.3,1564.0,4.5,280.0,0.005,0.05,0.0075,0.0025,0.1,9.03,112.52,257.44,1000.0,BASICO-A,RJE.01.03.-003,2018-05-24,Validado,,,,,,,,,,,,,,,,,,,,,GTO-CRG-PI-01-0126-BASICO-A-130618-T304-11DPR0050K
"Laquimia, S.A. de C.V.",50644,11DPR1838O,Independencia,Celaya,El Becerro (Santos Degollado),"Calle Plan De Ayala, Núm. Ext. 5 Entre Calle  20 De Noviembre Y Calle 16 De Septiembre, C.P. 38115",Primaria,234,1,1,1,3,PI-01,2017-12-17,2017-12-13,2.5,2.5,7.6,556.0,0.0,0.0,0.005,0.05,0.0075,0.0025,0.38,1.68,33.76,98.99,336.0,BASICO-A,RJE.01.03.-003,2018-05-24,Validado,,,,,,,,,,,,,,,,,,,,,GTO-CRG-PI-01-0134-BASICO-A-130618-T304-11DPR1838O
"Laquimia, S.A. de C.V.",50294,11DJN0296N,Rosa Martinez Rios De Macias,Celaya,Celaya,"Calle Sierra Himalaya, Núm. Ext. 106 Entre Calle  Diego Rivera Y Calle Jesus Gomez Portugal, C.P. 38020",Preescolar,196,1,1,1,3,PE-01,2017-11-29,2017-12-08,2.5,2.5,7.4,639.0,0.0,0.0,0.005,0.05,0.0075,0.0025,0.1,4.86,56.3,124.58,408.0,BASICO-A,RJE.01.03.-003,2018-05-24,Validado,,,,,,,,,,,,,,,,,,,,,
"Laquimia, S.A. de C.V.",49503,11DPR1809T,Miguel Hidalgo,Apaseo el Alto,Marroquín,"Calle Miguel Hidalgo, Entre Calle  21 De Marzo Y Calle Sin Nombre, C.P. 38510",Primaria,146,1,1,1,3,PI-01,2017-11-09,2017-11-16,2.5,2.5,7.5,1124.0,0.0,0.0,0.0386,0.05,0.0136,0.0025,1.35,0.25,20.57,34.88,674.0,INTERMEDIO-B7,RJE.01.03.-442,2018-05-24,Validado,,,,,,,,,,,,,,,,,,,,,
"Laquimia, S.A. de C.V.",50221,11DJN0233B,Antonio Caso,Celaya,San Juan De La Vega,"Calle Antonio Caso, Núm. Ext. 318 Entre Calle  Benito Juarez Y Calle Tenochtitlan, C.P. 38100",Preescolar,265,1,1,1,3,PE-01,2017-12-21,2017-12-07,2.5,2.5,7.2,727.0,0.0,0.0,0.0208,0.05,0.0075,0.0025,0.1,4.1,29.76,135.65,436.0,INTERMEDIO-B1,RJE.01.03.-010,2018-05-24,Validado,,,,,,,,,,,,,,,,,,,,,GTO-CRG-PE-01-0118-INTERMEDIO-B1-130618-T304-11DJN0233B
"Laquimia, S.A. de C.V.",50137,11DJN0422U,Netzahualcoyotl,Celaya,Celaya,"Calle Texcoco, Núm. Ext. 218 Entre Calle  Texcoco Y Calle Sin Nombre, C.P. 38050",Preescolar,183,1,1,1,3,PE-01,2017-11-28,2017-12-06,2.5,2.5,7.8,631.0,0.0,0.0,0.005,0.05,0.0075,0.0025,0.1,2.38,35.23,117.39,372.0,BASICO-A,RJE.01.03.-495,2018-05-24,Validado,,,,,,,,,,,,,,,,,,,,,GTO-CRG-PE-01-0025-BASICO-A-120618-T304-11DJN0422U
"Laquimia, S.A. de C.V.",50722,11DPR1562R,General Felipe Angeles,Celaya,La Palmita (La Palmita De San,"Calle Alamo, Núm. Ext. 109 Entre Calle  Ninguno Y Calle Pirules, C.P. 38000",Primaria,179,1,1,1,3,PI-01,2017-12-21,2017-12-15,2.5,2.5,7.6,583.0,0.0,0.0,0.0074,0.05,0.0075,0.0025,1.11,1.48,21.11,113.51,364.0,INTERMEDIO-B7,RJE.01.03.-010,2018-05-24,Validado,,,,,,,,,,,,,,,,,,,,,
"Laquimia, S.A. de C.V.",49529,11DPR2107I,Ignacio Zaragoza,Apaseo el Alto,La Luisiada,"Calle Apaseo El Alto-Jerecuaro Km 3.5, C.P. 38500",Primaria,127,1,1,1,3,PI-01,2017-11-10,2017-11-17,2.5,2.5,7.8,441.0,0.0,0.0,0.005,0.05,0.0075,0.0025,0.1,2.65,7.61,48.87,280.0,BASICO-A,RJE.01.03.-442,2018-05-24,Validado,,,,,,,,,,,,,,,,,,,,,GTO-CRG-PI-01-0011-Basico-A-180418-T304-11DPR2107I
"Laquimia, S.A. de C.V.",50140,11DJN1118R,John Dewey,Celaya,Celaya,"Calle Canal De Labradores, Núm. Ext. 100 Entre Calle  Anenecuilco Y Calle Chinameca, C.P. 38030",Preescolar,173,1,1,1,3,PE-01,2017-11-28,2017-12-06,2.5,2.5,7.6,618.0,0.0,0.0,0.0055,0.05,0.0075,0.0025,0.34,1.5,35.53,135.65,400.0,BASICO-A,RJE.01.03.-495,2018-05-24,Validado,,,,,,,,,,,,,,,,,,,,,GTO-CRG-PE-01-0059-BASICO-A-130618-T304-11DJN1118R
"Laquimia, S.A. de C.V.",49638,11DJN0089F,Juan Escutia,Comonfort,Comonfort,"Calle Mariano Arista, Núm. Ext. 9 Entre Calle  Hidalgo Y Calle Mariano Arista, C.P. 38200",Preescolar,209,1,1,1,3,PE-01,2017-11-21,2017-11-22,2.5,2.5,7.9,585.0,0.0,0.0,0.005,0.05,0.0075,0.0025,0.1,4.27,23.78,169.16,384.0,BASICO-A,RJE.01.03.-442,2018-05-24,Validado,,,,,,,,,,,,,,,,,,,,,GTO-CRG-PE-01-0007-BASICO-A-120618-T304-11DJN0089F
"Laquimia, S.A. de C.V.",50642,11EJN0411N,Jose Joaquin Fernandez De L,Celaya,Celaya,"Calle Plan De Aculco, Entre Calle  Plan Del Carmen Y Calle Plan De Cuernavaca, C.P. 38010",Preescolar,111,1,1,1,3,PE-01,2017-12-17,2017-12-13,2.5,2.5,7.7,673.0,0.0,0.0,0.0068,0.05,0.0075,0.0025,0.31,1.86,35.46,33.33,392.0,BASICO-A,RJE.01.03.-003,2018-05-24,Validado,,,,,,,,,,,,,,,,,,,,,GTO-CRG-PE-01-0026-BASICO-A-120618-T304-11EJN0411N
"Laquimia, S.A. de C.V.",50288,11EJN0178Y,Jose Vasconcelos,Celaya,Celaya,"Calle Paseo De San Nicolas De Parra, Núm. Ext. 365 Entre Calle  Lago Zapotlan Y Calle Lago De Zayula, C.P. 38060",Preescolar,228,1,1,1,3,PE-01,2017-11-29,2017-12-08,2.5,2.5,7.9,1341.0,0.0,0.0,0.005,0.05,0.0075,0.0025,0.1,6.16,133.11,265.74,860.0,BASICO-A,RJE.01.03.-003,2018-05-24,Validado,,,,,,,,,,,,,,,,,,,,,
"Laquimia, S.A. de C.V.",50215,11DJN0061Z,Doña Margarita Maza De Juarez,Celaya,Celaya,"Calle Noche Buena, Núm. Ext. 103 Entre Calle  Guanajuato Y Calle La Soledad, C.P. 38090",Preescolar,119,1,1,1,3,PE-01,2017-11-30,2017-12-07,2.5,2.5,7.6,516.0,0.0,0.0,0.0078,0.05,0.0075,0.0025,0.1,2.79,36.48,39.13,320.0,INTERMEDIO-B1,RJE.01.03.-495,2018-05-24,Validado,,,,,,,,,,,,,,,,,,,,,GTO-CRG-PE-01-None-INTERMEDIO-B1-280418-T304-11DJN0061Z
"Laquimia, S.A. de C.V.",49952,11DPR1323R,Francisco Villa,Comonfort,Morales,"Calle Francisco Villa, Entre Calle  Ninguno Y Calle 5 De Mayo, C.P. 38207",Primaria,189,1,1,1,3,PI-01,2017-11-25,2017-12-04,2.5,2.5,7.5,649.0,0.0,0.0,0.005,0.05,0.0075,0.0025,0.59,3.26,42.65,245.22,388.0,BASICO-A,RJE.01.03.-495,2018-05-24,Validado,,,,,,,,,,,,,,,,,,,,,GTO-CRG-PI-01-0042-BASICO-A-120618-T304-11DPR1323R
"Laquimia, S.A. de C.V.",49951,11EJN0408Z,Juventino Rosas,Santa Cruz de Juventino Rosas,Santiago De Cuenda,"Calle 16 De Septiembre, Núm. Ext. 200 Entre Calle  18 De Marzo Y Calle 25 De Julio, C.P. 38240",Preescolar,157,1,1,1,3,PE-01,2017-12-21,2017-12-04,2.5,2.5,7.7,529.0,0.0,0.0,0.008,0.05,0.0075,0.0025,0.79,1.98,34.41,60.0,320.0,INTERMEDIO-B1,RJE.01.03.-010,2018-05-24,Validado,,,,,,,,,,,,,,,,,,,,,
"Laquimia, S.A. de C.V.",50726,11DPR2186L,Juan Alvarez,Celaya,Celaya,"Calle Uriangato, Núm. Ext. 117 Entre Calle  Irapuato Y Calle Leon, C.P. 38090",Primaria,202,1,1,1,3,PI-01,2017-12-14,2017-12-15,2.5,2.5,7.4,572.0,0.0,0.0,0.005,0.05,0.0075,0.0025,1.01,2.79,18.5,62.84,396.0,INTERMEDIO-B7,RJE.01.03.-003,2018-05-24,Validado,,,,,,,,,,,,,,,,,,,,,
"Laquimia, S.A. de C.V.",50291,11EPR0406S,Morelos,Celaya,Celaya,"Calle Miguel Hidalgo, Núm. Ext. 307 Entre Calle  Cuauhtemoc Y Calle Emeteria Valencia, C.P. 38000",Primaria,380,2,1,1,4,PI-02,2017-11-29,2017-12-08,2.5,2.5,7.3,635.0,0.0,0.0,0.005,0.05,0.0075,0.0025,0.1,4.01,58.54,103.81,408.0,BASICO-A,RJE.01.03.-003,2018-05-24,Validado,,,,,,,,,,,,,,,,,,,,,
"Laquimia, S.A. de C.V.",49504,11DJN2521H,Agustín Yáñez,Apaseo el Alto,San Bartolomé Aguas Calientes,"Calle 5 De Mayo, Núm. Ext. 41 Entre Calle  Insurgentes C.P. 38510",Preescolar,196,1,1,1,3,PE-01,2017-11-09,2017-11-17,2.5,2.5,7.9,705.0,0.0,0.0,0.005,0.05,0.0075,0.0025,0.14,3.54,78.89,206.51,440.0,BASICO-A,RJE.01.03.-442,2018-05-24,Validado,,,,,,,,,,,,,,,,,,,,,GTO-CRG-PE-01-0017-BASICO-A-240518-T304-11DJN2521H
"Laquimia, S.A. de C.V.",50213,11DPR1560T,Leona Vicario,Celaya,Los Mancera,"Calle J. Jesus Mancera, Núm. Ext. 73 Entre Calle  Primera Privada Y Calle Sin Nombre, C.P. 38140",Primaria,204,1,1,1,3,PI-01,2017-12-22,2017-12-07,2.5,2.5,7.6,539.0,0.0,0.0,0.0056,0.05,0.0075,0.0025,0.1,2.67,38.3,83.48,320.0,BASICO-A,RJE.01.03.-010,2018-05-24,Validado,,,,,,,,,,,,,,,,,,,,,
"Laquimia, S.A. de C.V.",50136,11DPR0696Z,Dr. Jose Maria Luis Mora,Celaya,Celaya,"Calle Texcoco, Núm. Ext. 225 Entre Calle  Texcoco Y Calle Francisco Mascareño, C.P. 38050",Primaria,382,2,1,1,4,PI-02,2017-11-29,2017-12-06,2.5,2.5,7.7,677.0,0.0,0.0,0.0056,0.05,0.0075,0.0025,0.1,2.5,38.92,156.52,432.0,BASICO-A,RJE.01.03.-495,2018-05-24,Validado,,,,,,,,,,,,,,,,,,,,,GTO-CRG-PI-02-0008-BASICO-A-120618-T304-11DPR0696Z
"Laquimia, S.A. de C.V.",50369,11DJN4297N,Federico Froebel,Celaya,Celaya,"Calle Casuarinas, Núm. Ext. 604 Entre Calle  Casuarinas Y Calle Papiro, C.P. 38020",Preescolar,135,1,1,1,3,PE-01,2017-12-17,2017-12-09,2.5,2.5,7.4,527.0,0.0,0.0,0.005,0.05,0.0075,0.0025,0.1,1.69,33.82,50.68,300.0,BASICO-A,RJE.01.03.-003,2018-05-24,Validado,,,,,,,,,,,,,,,,,,,,,
"Laquimia, S.A. de C.V.",49833,11DPR0745S,Margarita Maza De Juarez,Comonfort,Don Diego,"Calle Benito Juarez, Entre Calle  Sin Referencia Y Calle Sin Nombre, C.P. 38200",Primaria,172,1,1,1,3,PI-01,2017-11-21,2017-11-29,2.5,2.5,7.6,595.0,0.0,0.0,0.014,0.05,0.0075,0.0025,0.18,5.79,12.44,172.17,384.0,INTERMEDIO-B1,RJE.01.03.-495,2018-05-24,Validado,,,,,,,,,,,,,,,,,,,,,GTO-CRG-PI-01-0047-INTERMEDIO-B1-120618-T304-11DPR0745S
"Laquimia, S.A. de C.V.",49949,11DPR0724F,Francisco Villa,Santa Cruz de Juventino Rosas,San Julián Tierra Blanca,"Calle Adolfo Lopez Mateos, Núm. Ext. 132 C.P. 38240",Primaria,142,1,1,1,3,PI-01,2017-12-21,2017-12-04,2.5,2.5,8.0,509.0,0.0,350.0,0.0098,0.05,0.0075,0.0025,0.81,1.38,31.16,44.35,312.0,INTERMEDIO-B1,RJE.01.03.-010,2018-05-24,Validado,,,,,,,,,,,,,,,,,,,,,
"Laquimia, S.A. de C.V.",50144,11DPR1849U,Miguel Hidalgo,Celaya,San Elías,"Calle Division Del Norte, Núm. Ext. 6 Entre Calle  Ninguno C.P. 38102",Primaria,203,1,1,1,3,PI-01,2017-12-21,2017-12-06,2.5,2.5,7.5,618.0,0.0,2.0,0.005,0.05,0.0075,0.0025,0.43,3.14,23.12,156.52,372.0,BASICO-A,RJE.01.03.-010,2018-05-24,Validado,,,,,,,,,,,,,,,,,,,,,
"Laquimia, S.A. de C.V.",50359,11DPR3822A,Profr. Francisco Solorio Muril,Celaya,Celaya,"Calle Rio Verde, Núm. Ext. 132 Entre Calle  Rio Ameca Y Calle Rio Nazas, C.P. 38080",Primaria,177,1,1,1,3,PI-01,2017-11-30,2017-12-09,2.5,2.5,7.8,528.0,0.0,0.0,0.005,0.05,0.0075,0.0025,0.92,1.96,37.12,64.86,308.0,INTERMEDIO-B1,RJE.01.03.-003,2018-05-24,Validado,,,,,,,,,,,,,,,,,,,,,
"Laquimia, S.A. de C.V.",49745,11EPR0304V,Lic. Adolfo Lopez Mateos,Santa Cruz de Juventino Rosas,Juventino Rosas,"Calle Adolfo Lopez Mateos, Núm. Ext. 92 Entre Calle  Profesor J. Maria Perez Campos Y Calle Adolfo Lopez Mateos, C.P. 38240",Primaria,682,6,1,1,8,PI-04,2017-12-21,2017-11-24,2.5,2.5,7.7,615.0,0.0,0.0,0.0122,0.05,0.0075,0.0025,4.62,1.61,24.67,95.58,348.0,INTERMEDIO-B6,RJE.01.03.-010,2018-05-24,Validado,,,,,,,,,,,,,,,,,,,,,
"Laquimia, S.A. de C.V.",49684,11DPR1456H,Gral. Lázaro Cárdenas,Comonfort,Refugio De Arriba,"Calle Lazaro Cardenas, Núm. Ext. 11 C.P. 38212",Primaria,158,1,1,1,3,PI-01,2017-12-02,2017-11-23,2.5,2.5,8.1,443.0,0.0,4.5,0.005,0.05,0.0075,0.0025,0.1,1.1,6.436,172.57,308.0,BASICO-A,RJE.01.03.-003,2018-05-24,Validado,,,,,,,,,,,,,,,,,,,,,GTO-CRG-PI-01-0129-BASICO-A-130618-T304-11DPR1456H
"Laquimia, S.A. de C.V.",49882,11DPR2116Q,18 De Marzo,Comonfort,La Laguna,"Calle Vicente Guerrero, Núm. Ext. 14 C.P. 38200",Primaria,110,1,1,1,3,PI-01,2017-11-25,2017-11-29,2.5,2.5,7.7,737.0,0.0,0.0,0.005,0.05,0.0075,0.0025,0.4,6.52,26.61,271.3,424.0,BASICO-A,RJE.01.03.-495,2018-05-24,Validado,,,,,,,,,,,,,,,,,,,,,GTO-CRG-PI-01-0003-BASICO-A-130618-T304-11DPR2116Q
"Laquimia, S.A. de C.V.",51671,11DPR3851W,Maria Montesori,San José Iturbide,San José Iturbide,"Jardines de Bellavista, Núm. 1, entre calle: Jardines de Santa Monica y Jardines de Cañadas, C.P.37980",Primaria,404,4,1,1,6,PI-03,2018-01-30,,2.5,2.5,7.6,401.0,0.0,0.0,0.0067,0.05,0.0075,0.0025,0.26,2.31,23.57,31.37,252.0,BASICO-A,RJE.01.03.-099,2018-05-24,Validado,,,,,,,,,,,,,,,,,,,,,
"Laquimia, S.A. de C.V.",51684,11EJN0191S,Francisco Bedia Liceaga,Romita,Romita,"Pino Suarez, Núm. 53, entre calle: San Antonio, C.P.36200",Preescolar,262,1,1,1,3,PE-01,2018-02-01,,2.5,2.5,7.8,554.0,0.0,0.0,0.0137,0.05,0.0075,0.0025,0.99,5.6,39.14,117.65,356.0,,,,En espera,,,,,,,,,,,,,,,,,,,,,
"Laquimia, S.A. de C.V.",51687,11DJN2523F,Naciones Unidas,Dolores Hidalgo Cuna de la Ind,Dolores Hidalgo Cuna De La Independencia Nacional,"Jacarandas, entre calle: Jose Alfredo Jimenez y José María Morelos y Pavón, C.P.37800",Preescolar,161,1,1,1,3,PE-01,2018-01-30,,2.5,2.5,7.9,323.0,0.0,0.0,0.0085,0.05,0.0075,0.0025,0.24,0.7,5.0,39.22,212.0,,,,En espera,,,,,,,,,,,,,,,,,,,,,
"Laquimia, S.A. de C.V.",50131,11DJN0215M,El Principito,Irapuato,Irapuato,"Calle Fray Sebastian De Aparicio, Entre Calle  Ninguno Y Calle 1 Francisco Flores Ornelas",Preescolar,137,1,1,1,3,PE-01,2017-11-28,2017-12-06,2.5,2.5,7.5,744.0,0.0,13.0,0.0059,0.05,0.0075,0.0025,0.64,4.52,61.47,307.83,460.0,INTERMEDIO-B1,RJE.01.03.-495,2018-05-24,Validado,,,,,,,,,,,,,,,,,,,,,GTO-CRG-PE-01-None-INTERMEDIO-B1-280418-T304-11DJN0215M
"Laquimia, S.A. de C.V.",49505,11DPR1684B,Emiliano Zapata,Apaseo el Alto,El Salto De Espejo,"Calle Venustiano Carranza, Entre Calle  Benito Juarez Y Calle Sin Nombre, C.P. 38510",Primaria,138,1,1,1,3,PI-01,2017-11-09,2017-11-16,2.5,2.5,7.9,471.0,0.0,0.0,0.005,0.05,0.0075,0.0025,0.1,3.33,28.51,100.47,288.0,BASICO-A,RJE.01.03.-442,2018-05-24,Validado,,,,,,,,,,,,,,,,,,,,,GTO-CRG-PI-01-0002-Basico-A-180418-T304-11DPR1684B
"Laquimia, S.A. de C.V.",51665,11EPR0628B,GREGORIO TORRES QUINTERO,San Luis De La Paz,San Luis De La Paz,"Ferrocarril, Núm. 205, entre calle: Montes Cárpatos y General Genovevo Rivas Guillen, C.P.37905",Primaria,648,6,1,1,8,PI-04,2018-05-03,,2.5,2.5,7.9,189.8,0.0,0.0,0.005,0.05,0.0075,0.0025,0.6,0.56,9.7,13.0,96.0,,,,En espera,,,,,,,,,,,,,,,,,,,,,
"Laquimia, S.A. de C.V.",52605,11DPR1654H,Adolfo Lopez Mateos,Uriangato,Uriangato,"Calle:Cebetis ,Num. Exterior:4 ,Entre Calle:Monterrey ,Y Calle:Saltillo ,Calle Posterior:Ninguno ,Localidad: Uriangato ,Municipio: Uriangato ,Entidad: Guanajuato ,Cp:38980",Primaria,205,1,1,1,3,PI-01,2018-03-18,,2.5,2.5,7.2,1272.0,0.0,0.0,0.0102,0.05,0.0075,0.0025,0.1,10.21,124.26,437.29,872.0,,,,En espera,,,,,,,,,,,,,,,,,,,,,
"Laquimia, S.A. de C.V.",50289,11DJN0162Y,José Vasconcelos,Celaya,Primera Fracción De Crespo (El,"Calle Jose Vasconcelos, Entre Calle  Privada Cuauhtemoc Y Calle Cuauhtemoc, C.P. 38110",Preescolar,140,1,1,1,3,PE-01,2017-11-29,2017-12-08,2.5,2.5,7.9,1202.0,0.0,0.0,0.005,0.05,0.0075,0.0025,0.1,6.92,99.3,166.09,768.0,BASICO-A,RJE.01.03.-003,2018-05-24,Validado,,,,,,,,,,,,,,,,,,,,,
"Laquimia, S.A. de C.V.",52763,11DJN4268S,Federico Froebel,Jaral Del Progreso,Jaral Del Progreso,"Calle:Celso Acosta ,Num. Exterior:312 ,Entre Calle:Rafael Zepeda ,Y Calle:Martin Triana ,Calle Posterior:Ninguno ,Localidad: Jaral Del Progreso ,Municipio: Jaral Del Progreso ,Entidad: Guanajuato ,Cp:38472",Preescolar,191,1,1,1,3,PE-01,2018-04-02,,2.5,2.5,7.6,718.0,0.0,0.0,0.005,0.1335,0.6925,0.0025,0.1,0.29,19.51,213.56,464.0,,,,En espera,,,,,,,,,,,,,,,,,,,,,
"Laquimia, S.A. de C.V.",49749,11DPR3057Y,Juventino Rosas,Santa Cruz de Juventino Rosas,Juventino Rosas,"Calle Juventino Rosas, Núm. Ext. 607 Entre Calle  Ponciano Arriaga Y Calle Guillermo Prieto, C.P. 38240",Primaria,381,2,1,1,4,PI-02,2017-11-16,2017-11-24,2.5,2.5,7.5,576.0,0.0,0.0,0.0062,0.05,0.0075,0.0025,5.02,1.22,14.57,148.67,356.0,INTERMEDIO-B7,RJE.01.03.-454,2018-05-24,Validado,,,,,,,,,,,,,,,,,,,,,
"Laquimia, S.A. de C.V.",51682,11DPR3807I,Emma Godoy,Guanajuato,Marfil,"Entre calle: Las Bateas, C.P.36250",Primaria,244,1,1,1,3,PI-01,2018-02-02,,2.5,2.5,8.0,451.0,0.0,0.0,0.0093,0.05,0.0075,0.0025,1.03,0.81,26.71,47.06,292.0,,,,En espera,,,,,,,,,,,,,,,,,,,,,
"Laquimia, S.A. de C.V.",49748,11DJN4065X,Maria Enriqueta,Santa Cruz de Juventino Rosas,Juventino Rosas,"Calle 21 De Febrero, Núm. Ext. 101 Entre Calle  A Guanajuato Y Calle 24 De Febrero, C.P. 38240",Preescolar,137,1,1,1,3,PE-01,2017-11-16,2017-11-24,2.5,2.5,7.4,667.0,0.0,0.0,0.005,0.05,0.0075,0.0025,5.51,1.04,19.98,127.43,428.0,INTERMEDIO-B7,RJE.01.03.-454,2018-05-24,Validado,,,,,,,,,,,,,,,,,,,,,
"Laquimia, S.A. de C.V.",,11EPR0501W,Miguel Hidalgo,San José Iturbide,San José Iturbide,"Calle Gomez Farias, Núm. Ext. S/N Entre Calle  Santos Degollado Y Calle Aldama, Calle Posterior Ninguno, C.P. 37980",Primaria,441,4,1,1,6,PI-03,,,,,,,,,,,,,,,,,,,,,,,,,,,,,,,,,,,,,,,,,,
"Laquimia, S.A. de C.V.",49588,11DPR2117P,José María Morelos,Apaseo el Alto,Barajas,"Calle Av. La Raza, C.P. 38521",Primaria,131,1,1,1,3,PI-01,2017-11-13,2017-11-22,2.5,2.5,8.0,448.0,0.0,0.0,0.005,0.05,0.0075,0.0025,0.1,3.15,8.4,113.66,280.0,BASICO-A,RJE.01.03.-442,2018-05-24,Validado,,,,,,,,,,,,,,,,,,,,,GTO-CRG-PI-01-0071-BASICO-A-120618-T304-11DPR2117P
"Laquimia, S.A. de C.V.",49471,11EJN1191Z,Jardin De Niños,Apaseo el Alto,Apaseo El Alto,"Calle Saturno, Núm. Ext. 302 Entre Calle  Venus Y Calle Marte, C.P. 38500",Preescolar,162,1,1,1,3,PE-01,2017-11-08,2017-11-15,2.5,2.5,8.1,523.0,0.0,27.0,0.005,0.05,0.0075,0.0025,0.1,3.69,19.24,78.14,330.0,BASICO-A,RJE.01.03.-442,2018-05-24,Validado,,,,,,,,,,,,,,,,,,,,,GTO-CRG-PE-01-0030-BASICO-A-120618-T304-11EJN1191Z
"Laquimia, S.A. de C.V.",49528,11DPR1847W,Hermenegildo Galeana,Apaseo el Alto,Apaseo El Alto,"Calle Fray Melchor De Talamantes, Núm. Ext. 507 Entre Calle  Ninguno Y Calle Emiliano Zapata, C.P. 38500",Primaria,152,1,1,1,3,PI-01,2017-11-10,2017-11-11,2.5,2.5,7.9,389.0,0.0,0.0,0.005,0.05,0.0075,0.0025,0.1,3.93,11.6,29.86,248.0,BASICO-A,RJE.01.03.-442,2018-05-24,Validado,,,,,,,,,,,,,,,,,,,,,GTO-CRG-PI-01-0016-Basico-A-180418-T304-11DPR1847W
"Laquimia, S.A. de C.V.",49678,11EJN0375Z,Jean Piajet,Irapuato,Irapuato,"Calle Bambu, Núm. Ext. 525 Entre Calle  Cosechadores Y Calle Agricultores",Preescolar,203,1,1,1,3,PE-01,2017-11-15,2017-11-23,2.5,2.5,7.3,737.0,0.0,0.0,0.005,0.05,0.0075,0.0025,0.1,7.33,67.63,307.96,472.0,BASICO-A,RJE.01.03.-442,2018-05-24,Validado,,,,,,,,,,,,,,,,,,,,,
"Laquimia, S.A. de C.V.",50545,11DPR1421S,Mexico,Irapuato,Ex-Hacienda Del Copal,"Calle Copal, Núm. Ext. 1 Entre Calle  Roble Y Calle Tabachin, C.P. 36820",Primaria,164,1,1,1,3,PI-01,2017-12-14,2017-12-13,2.5,2.5,7.5,1664.0,0.0,0.0,0.1979,0.05,0.0075,0.0025,1.32,0.2,194.99,13.0,1064.0,ROBUSTO-C2,RJE.01.03.-003,2018-05-24,Validado,,,,,,,,,,,,,,,,,,,,,
"Laquimia, S.A. de C.V.",50028,11DJN0872Y,Ovidio Decroly,Irapuato,Irapuato,"Calle Justicia Social, Núm. Ext. 1024 Entre Calle  Articulo 123 Y Calle Derechos Y Deberes, C.P. 36680",Preescolar,127,1,1,1,3,PE-01,2017-12-21,2017-12-04,2.5,2.5,7.1,673.0,0.0,0.0,0.005,0.05,0.0075,0.0025,0.49,3.61,65.55,433.04,420.0,BASICO-A,RJE.01.03.-010,2018-05-24,Validado,,,,,,,,,,,,,,,,,,,,,
"Laquimia, S.A. de C.V.",50361,11DJN0522T,General Ignacio Allende,Celaya,Celaya,"Calle Rosal, Núm. Ext. 303 Entre Calle  Colorines Y Calle De Los Cerezos, C.P. 38080",Preescolar,258,1,1,1,3,PE-01,2017-11-30,2017-12-09,2.5,2.5,7.9,538.0,0.0,0.0,0.005,0.05,0.0075,0.0025,0.64,1.74,37.67,72.97,312.0,BASICO-A,RJE.01.03.-003,2018-05-24,Validado,,,,,,,,,,,,,,,,,,,,,GTO-CRG-PE-01-0049-BASICO-A-130618-T304-11DJN0522T
"Laquimia, S.A. de C.V.",52787,11EPR0100A,Ignacio Manuel Altamirano,Dolores Hidalgo Cuna de la Ind,San José De La Palma,"Calle:Del Sol ,Num. Exterior:Sin Dato ,Entre Calle:Ninguno ,Y Calle:Ninguno ,Calle Posterior:Ninguno ,Localidad: San José De La Palma ,Municipio: Dolores Hidalgo Cuna De La Ind ,Entidad: Guanajuato ,Cp:37800",Primaria,198,1,1,1,3,PI-01,2018-04-02,,2.5,2.5,7.9,267.0,0.0,0.0,0.007,0.05,0.0075,0.0025,0.1,1.85,15.09,56.95,188.0,,,,En espera,,,,,,,,,,,,,,,,,,,,,
"Laquimia, S.A. de C.V.",50643,11EJN1170M,Belisario Dominguez,Celaya,Celaya,"Calle Camino De La Alameda, Núm. Ext. 119 Entre Calle  Rio Tomellin Y Calle Camino De La Ermita, C.P. 38010",Preescolar,157,1,1,1,3,PE-01,2017-12-17,2017-12-13,2.5,2.5,7.6,659.0,0.0,0.0,0.0057,0.05,0.0075,0.0025,0.1,1.91,37.98,135.35,420.0,BASICO-A,RJE.01.03.-003,2018-05-24,Validado,,,,,,,,,,,,,,,,,,,,,
"Laquimia, S.A. de C.V.",50362,11DPR0862H,Narciso Mendoza,Celaya,San Isidro De La Concepción,"Calle Deportiva, Núm. Ext. 101 Entre Calle  Emiliano Zapata Y Calle Sin Nombre, C.P. 38120",Primaria,302,2,1,1,4,PI-02,2017-12-22,2017-12-09,2.5,2.5,7.6,864.0,0.0,0.0,0.005,0.05,0.2889,0.0025,0.75,1.17,30.61,174.32,548.0,ROBUSTO-C2,RJE.01.03.-010,2018-05-24,Validado,,,,,,,,,,,,,,,,,,,,,
"Laquimia, S.A. de C.V.",50645,11DPR1846X,Niños Heroes,Celaya,San Luis Rey,"Calle Quintana Roo, Núm. Ext. 101 Entre Calle  Morelos Y Calle Distrito Federal, C.P. 38000",Primaria,166,1,1,1,3,PI-01,2017-12-21,2017-12-13,2.5,2.5,7.3,1203.0,0.0,0.0,0.0172,0.05,0.0075,0.0025,0.53,8.59,49.11,171.72,764.0,INTERMEDIO-B1,RJE.01.03.-010,2018-05-24,Validado,,,,,,,,,,,,,,,,,,,,,GTO-CRG-PI-01-0219-INTERMEDIO-B1-130618-T304-11DPR1846X
"Laquimia, S.A. de C.V.",50549,11DST0056Q,Técnica Núm. 37,Celaya,Celaya,"Calle Mexico-Japon, Entre Calle  Mexico-Japon Y Calle Ignacio De Borunda, C.P. 38010",Secundaria,811,6,1,1,8,SC-04,2017-12-21,2017-12-13,2.5,2.5,7.6,685.0,0.0,0.0,0.005,0.05,0.0075,0.0025,0.1,0.72,33.08,80.81,440.0,BASICO-A,RJE.01.03.-010,2018-05-24,Validado,,,,,,,,,,,,,,,,,,,,,GTO-CRG-SC-04-0001-BASICO-A-120618-T304-11DST0056Q
"Laquimia, S.A. de C.V.",50293,11DPR1607X,Constitución De 1857,Celaya,Celaya,"Calle Mariano Abasolo, Núm. Ext. 732 Entre Calle  Francisco Zarco Y Calle Los Aztecas, C.P. 38040",Primaria,190,1,1,1,3,PI-01,2017-11-29,2017-12-08,2.5,2.5,7.4,405.0,0.0,0.0,0.005,0.05,0.0075,0.0025,0.24,5.63,62.13,103.81,260.0,BASICO-A,RJE.01.03.-003,2018-05-24,Validado,,,,,,,,,,,,,,,,,,,,,
"Laquimia, S.A. de C.V.",52762,11EJN0248C,Maria Montessori,Jaral Del Progreso,Jaral Del Progreso,"Calle:Adolfo Lopez Mateos ,Num. Exterior:102 ,Entre Calle:Rosaura Zapata ,Y Calle:Heroina De Tixtla ,Calle Posterior:Ninguno ,Localidad: Jaral Del Progreso ,Municipio: Jaral Del Progreso ,Entidad: Guanajuato ,Cp:38470",Preescolar,233,1,1,1,3,PE-01,2018-04-02,,2.5,2.5,7.6,792.0,0.0,0.0,0.005,0.0681,0.9898,0.0025,0.1,0.2,68.59,211.53,528.0,,,,En espera,,,,,,,,,,,,,,,,,,,,,
"Laquimia, S.A. de C.V.",50042,11EPR0853Z,Juan De Zumarraga,Celaya,Celaya,"Calle Halcon, Entre Calle  Pavoreal Y Calle Grulla, C.P. 38040",Primaria,198,1,1,1,3,PI-01,2017-11-25,2017-12-04,2.5,2.5,7.6,575.0,0.0,0.0,0.005,0.05,0.0075,0.0025,0.79,1.12,35.66,67.83,356.0,INTERMEDIO-B1,RJE.01.03.-495,2018-05-24,Validado,,,,,,,,,,,,,,,,,,,,,GTO-CRG-PI-01-None-INTERMEDIO-B1-280418-T304-11EPR0853Z
"Laquimia, S.A. de C.V.",49746,11DJN0047G,Juventino Rosas,Santa Cruz de Juventino Rosas,Juventino Rosas,"Calle Profesora Josefina Villa Gomez, Núm. Ext. 102 Entre Calle  Profesor J. Maria Perez Campos Y Calle David Guerrero, C.P. 38240",Preescolar,253,1,1,1,3,PE-01,2017-11-16,2017-11-24,2.5,2.5,7.4,532.0,0.0,0.0,0.0097,0.05,0.0075,0.0025,5.67,1.62,26.35,111.5,360.0,INTERMEDIO-B7,RJE.01.03.-454,2018-05-24,Validado,,,,,,,,,,,,,,,,,,,,,
"Laquimia, S.A. de C.V.",53953,11DPR0304W,Bandera Nacional,San Luis De La Paz,Ex Hacienda de Santa Ana (Santan Ana y Lobos),"Calle:Guanajuato ,Num. Exterior:124 ,Entre Calle:Ninguno ,Y Calle:Libertad ,Calle Posterior:Ninguno ,Localidad: San Luis De La Paz ,Municipio: San Luis De La Paz ,Entidad: Guanajuato ,Cp:37900",Primaria,188,1,1,1,3,PI-01,2018-05-14,,2.5,2.5,7.5,583.0,0.0,4.5,0.006,0.05,0.0075,0.0025,0.83,2.62,34.64,63.87,210.0,,,,En espera,,,,,,,,,,,,,,,,,,,,,
"Laquimia, S.A. de C.V.",49747,11DJN4270G,Amado Nervo,Santa Cruz de Juventino Rosas,Juventino Rosas,"Calle Vals Sobre Las Olas, Núm. Ext. 102 Entre Calle  A Guanajuato Y Calle Azucenas, C.P. 38240",Preescolar,199,1,1,1,3,PE-01,2017-11-16,2017-11-24,2.5,2.5,7.5,518.0,0.0,0.0,0.0093,0.05,0.0075,0.0025,6.97,1.65,23.39,100.89,344.0,INTERMEDIO-B7,RJE.01.03.-454,2018-05-24,Validado,,,,,,,,,,,,,,,,,,,,,
"Laquimia, S.A. de C.V.",50039,11EJN0263V,Francisco Javier Mina,Celaya,Ejido De Silva (San Isidro),"Calle Tuxtla Gutierrez, Núm. Ext. 118 Entre Calle  Culiacan Y Calle Mexico-Japon, C.P. 38150",Preescolar,197,1,1,1,3,PE-01,2017-11-25,2017-12-04,2.5,2.5,7.7,634.0,0.0,0.0,0.0066,0.05,0.0075,0.0025,0.26,0.2,10.43,83.48,408.0,BASICO-A,RJE.01.03.-495,2018-05-24,Validado,,,,,,,,,,,,,,,,,,,,,GTO-CRG-PE-01-0050-BASICO-A-130618-T304-11EJN0263V
"Laquimia, S.A. de C.V.",52603,11DJN0067U,Justo Sierra,Salvatierra,San Pedro De Los Naranjos,"Miguel Hidalgo, Núm. 8, entre calle: Francisco I. Madero y Benito Juarez, C.P.38931",Preescolar,190,1,1,1,3,PE-01,2018-03-18,,2.5,2.5,7.6,778.0,1.8,11.0,0.005,0.05,0.0075,0.0025,0.1,8.73,84.3,117.97,516.0,BASICO-A,RJE.01.03.-099,2018-05-24,Validado,,,,,,,,,,,,,,,,,,,,,
"Laquimia, S.A. de C.V.",49683,11DPR1039V,Mariano Escobedo,Comonfort,San Pedro (Hacienda San Pedro),"Calle Calle 16 De Septiembre Num 1 San Pedro Norte, C.P. 38217",Primaria,116,1,1,1,3,PI-01,2017-12-22,2017-11-23,10.0,2.5,8.0,418.0,0.0,49.0,0.005,0.05,0.0075,0.0025,0.1,3.34,21.7,146.02,296.0,BASICO-A,RJE.01.03.-010,2018-05-24,Validado,,,,,,,,,,,,,,,,,,,,,GTO-CRG-PI-01-0072-BASICO-A-120618-T304-11DPR1039V
"Laquimia, S.A. de C.V.",50216,11EJN0647Z,Emiliano Zapata,Celaya,Celaya,"Calle Rosa J. De Pozos, Núm. Ext. 300 Entre Calle  Maria Vicenta Elizarraras Y Calle Maria Dominga, C.P. 38060",Preescolar,237,1,1,1,3,PE-01,2017-11-28,2017-12-07,2.5,2.5,7.6,575.0,0.0,0.0,0.0067,0.05,0.0075,0.0025,0.17,2.0,37.37,78.26,328.0,BASICO-A,RJE.01.03.-003,2018-05-24,Validado,,,,,,,,,,,,,,,,,,,,,GTO-CRG-PE-01-0002-BASICO-A-120618-T304-11EJN0647Z
